{"x":[{"x":592,"y":1405,"width":152,"height":48,"top":1405,"right":744,"bottom":1453,"left":592},{"x":592,"y":1405,"width":125,"height":48,"top":1405,"right":717,"bottom":1453,"left":592},{"x":592,"y":1405,"width":40,"height":48,"top":1405,"right":632,"bottom":1453,"left":592},{"x":592,"y":1405,"width":24,"height":24,"top":1405,"right":616,"bottom":1429,"left":592},{"x":594,"y":1407,"width":20,"height":20,"top":1407,"right":614,"bottom":1427,"left":594},{"x":632,"y":1405,"width":85,"height":48,"top":1405,"right":717,"bottom":1453,"left":632}],"y":".block.static.row.nowrap.{.table.static.row.nowrap.{.static.row.nowrap.{.block.static.row.nowrap.{.inline.static.row.nowrap.}.}.|.static.row.nowrap.}.}","viewport":{"width":800,"height":1686},"bodyRect":{"width":800,"height":600},"markup":"<a class=\"footer-logo-item-link\" href=\"/account\" style=\"animation: 0s ease 0s 1 normal none running none; background: none 0% 0% / auto repeat scroll padding-box border-box rgba(0, 0, 0, 0); background-blend-mode: normal; border: 0px none rgb(60, 64, 67); border-radius: 0px; border-collapse: separate; bottom: auto; box-shadow: none; box-sizing: border-box; break-after: auto; break-before: auto; break-inside: auto; caption-side: top; clear: none; clip: auto; color: rgb(60, 64, 67); content: normal; cursor: pointer; direction: ltr; display: table; empty-cells: show; float: none; font: 400 14px/22px &quot;Google Sans&quot;, Arial, sans-serif; font-kerning: auto; height: 48px; image-rendering: auto; isolation: auto; place-items: normal; place-self: auto; left: auto; letter-spacing: normal; list-style: disc outside none; margin: 0px; max-height: none; max-width: none; min-height: 0px; min-width: 0px; mix-blend-mode: normal; object-fit: fill; object-position: 50% 50%; offset: none 0px auto 0deg; opacity: 1; orphans: 2; outline: rgb(60, 64, 67) none 0px; outline-offset: 0px; overflow-anchor: auto; overflow-wrap: normal; overflow: visible; padding: 0px; pointer-events: auto; position: static; resize: none; right: auto; scroll-behavior: auto; speak: normal; table-layout: auto; tab-size: 8; text-align: start; text-align-last: auto; text-decoration: none solid rgb(60, 64, 67); text-decoration-skip-ink: auto; text-underline-position: auto; text-indent: 0px; text-rendering: auto; text-shadow: none; text-size-adjust: 100%; text-overflow: clip; text-transform: none; top: auto; touch-action: auto; transition: all 0s ease 0s; unicode-bidi: normal; vertical-align: baseline; visibility: visible; white-space: normal; widows: 2; width: 125px; will-change: auto; word-break: normal; word-spacing: 0px; z-index: auto; zoom: 1; -webkit-appearance: none; backface-visibility: visible; border-spacing: 0px; -webkit-border-image: none; -webkit-box-align: stretch; -webkit-box-decoration-break: slice; -webkit-box-direction: normal; -webkit-box-flex: 0; -webkit-box-ordinal-group: 1; -webkit-box-orient: horizontal; -webkit-box-pack: start; columns: auto auto; gap: normal normal; column-rule: 0px none rgb(60, 64, 67); column-span: none; place-content: normal; flex: 0 1 auto; flex-flow: row nowrap; -webkit-font-smoothing: antialiased; grid-auto-columns: auto; grid-auto-flow: row; grid-auto-rows: auto; grid-area: auto / auto / auto / auto; grid-template-areas: none; grid-template-columns: none; grid-template-rows: none; -webkit-highlight: none; hyphens: manual; -webkit-hyphenate-character: auto; -webkit-line-break: auto; -webkit-locale: &quot;en-US&quot;; -webkit-margin-collapse: collapse collapse; -webkit-mask-box-image-source: none; -webkit-mask-box-image-slice: 0 fill; -webkit-mask-box-image-width: auto; -webkit-mask-box-image-outset: 0px; -webkit-mask-box-image-repeat: stretch; -webkit-mask: none 0% 0% / auto repeat border-box border-box; -webkit-mask-composite: source-over; order: 0; perspective: none; perspective-origin: 62.5px 24px; -webkit-print-color-adjust: economy; -webkit-rtl-ordering: logical; shape-outside: none; shape-image-threshold: 0; shape-margin: 0px; -webkit-tap-highlight-color: rgba(0, 0, 0, 0.4); -webkit-text-combine: none; -webkit-text-decorations-in-effect: none; -webkit-text-emphasis: none rgb(60, 64, 67); -webkit-text-emphasis-position: over right; -webkit-text-fill-color: rgb(60, 64, 67); -webkit-text-orientation: vertical-right; -webkit-text-security: none; -webkit-text-stroke: 0px rgb(60, 64, 67); transform: none; transform-origin: 62.5px 24px; transform-style: flat; -webkit-user-drag: auto; -webkit-user-modify: read-only; user-select: auto; -webkit-writing-mode: horizontal-tb; -webkit-app-region: none; buffered-rendering: auto; clip-path: none; clip-rule: nonzero; mask: none; filter: none; flood-color: rgb(0, 0, 0); flood-opacity: 1; lighting-color: rgb(255, 255, 255); stop-color: rgb(0, 0, 0); stop-opacity: 1; color-interpolation: srgb; color-interpolation-filters: linearrgb; color-rendering: auto; fill: rgb(0, 0, 0); fill-opacity: 1; fill-rule: nonzero; marker: none; mask-type: luminance; shape-rendering: auto; stroke: none; stroke-dasharray: none; stroke-dashoffset: 0px; stroke-linecap: butt; stroke-linejoin: miter; stroke-miterlimit: 4; stroke-opacity: 1; stroke-width: 1px; alignment-baseline: auto; baseline-shift: 0px; dominant-baseline: auto; text-anchor: start; writing-mode: horizontal-tb; vector-effect: none; paint-order: normal; d: none; cx: 0px; cy: 0px; x: 0px; y: 0px; r: 0px; rx: auto; ry: auto; caret-color: rgb(60, 64, 67); line-break: auto;\"><div class=\"footer-logo svg-icon-component\" data-icon-size=\"DEFAULT\" svg-icon=\"\" style=\"animation: 0s ease 0s 1 normal none running none; background: none 0% 0% / auto repeat scroll padding-box padding-box rgba(0, 0, 0, 0); background-blend-mode: normal; border-color: rgb(60, 64, 67) rgba(0, 0, 0, 0) rgb(60, 64, 67) rgb(60, 64, 67); border-radius: 0px; border-style: none solid none none; border-width: 0px 16px 0px 0px; border-collapse: separate; border-image: none 100% / 1 / 0px stretch; bottom: auto; box-shadow: none; box-sizing: border-box; break-after: auto; break-before: auto; break-inside: auto; caption-side: top; clear: none; clip: auto; color: rgb(60, 64, 67); content: normal; cursor: pointer; direction: ltr; display: table-cell; empty-cells: show; float: none; font: 400 14px/22px &quot;Google Sans&quot;, Arial, sans-serif; font-kerning: auto; height: 48px; image-rendering: auto; isolation: auto; place-items: normal; place-self: auto; left: auto; letter-spacing: normal; list-style: disc outside none; margin: 0px; max-height: none; max-width: none; min-height: 0px; min-width: 0px; mix-blend-mode: normal; object-fit: fill; object-position: 50% 50%; offset: none 0px auto 0deg; opacity: 1; orphans: 2; outline: rgb(60, 64, 67) none 0px; outline-offset: 0px; overflow-anchor: auto; overflow-wrap: normal; overflow: visible; padding: 0px; pointer-events: auto; position: static; resize: none; right: auto; scroll-behavior: auto; speak: normal; table-layout: auto; tab-size: 8; text-align: start; text-align-last: auto; text-decoration: none solid rgb(60, 64, 67); text-decoration-skip-ink: auto; text-underline-position: auto; text-indent: 0px; text-rendering: auto; text-shadow: none; text-size-adjust: 100%; text-overflow: clip; text-transform: none; top: auto; touch-action: auto; transition: all 0s ease 0s; unicode-bidi: normal; vertical-align: top; visibility: visible; white-space: normal; widows: 2; width: 40px; will-change: auto; word-break: normal; word-spacing: 0px; z-index: auto; zoom: 1; -webkit-appearance: none; backface-visibility: visible; border-spacing: 0px; -webkit-border-image: none; -webkit-box-align: stretch; -webkit-box-decoration-break: slice; -webkit-box-direction: normal; -webkit-box-flex: 0; -webkit-box-ordinal-group: 1; -webkit-box-orient: horizontal; -webkit-box-pack: start; columns: auto auto; gap: normal normal; column-rule: 0px none rgb(60, 64, 67); column-span: none; place-content: normal; flex: 0 1 auto; flex-flow: row nowrap; -webkit-font-smoothing: antialiased; grid-auto-columns: auto; grid-auto-flow: row; grid-auto-rows: auto; grid-area: auto / auto / auto / auto; grid-template-areas: none; grid-template-columns: none; grid-template-rows: none; -webkit-highlight: none; hyphens: manual; -webkit-hyphenate-character: auto; -webkit-line-break: auto; -webkit-locale: &quot;en-US&quot;; -webkit-margin-collapse: collapse collapse; -webkit-mask-box-image-source: none; -webkit-mask-box-image-slice: 0 fill; -webkit-mask-box-image-width: auto; -webkit-mask-box-image-outset: 0px; -webkit-mask-box-image-repeat: stretch; -webkit-mask: none 0% 0% / auto repeat border-box border-box; -webkit-mask-composite: source-over; order: 0; perspective: none; perspective-origin: 20px 24px; -webkit-print-color-adjust: economy; -webkit-rtl-ordering: logical; shape-outside: none; shape-image-threshold: 0; shape-margin: 0px; -webkit-tap-highlight-color: rgba(0, 0, 0, 0.4); -webkit-text-combine: none; -webkit-text-decorations-in-effect: none; -webkit-text-emphasis: none rgb(60, 64, 67); -webkit-text-emphasis-position: over right; -webkit-text-fill-color: rgb(60, 64, 67); -webkit-text-orientation: vertical-right; -webkit-text-security: none; -webkit-text-stroke: 0px rgb(60, 64, 67); transform: none; transform-origin: 20px 24px; transform-style: flat; -webkit-user-drag: auto; -webkit-user-modify: read-only; user-select: auto; -webkit-writing-mode: horizontal-tb; -webkit-app-region: none; buffered-rendering: auto; clip-path: none; clip-rule: nonzero; mask: none; filter: none; flood-color: rgb(0, 0, 0); flood-opacity: 1; lighting-color: rgb(255, 255, 255); stop-color: rgb(0, 0, 0); stop-opacity: 1; color-interpolation: srgb; color-interpolation-filters: linearrgb; color-rendering: auto; fill: rgb(60, 64, 67); fill-opacity: 1; fill-rule: nonzero; marker: none; mask-type: luminance; shape-rendering: auto; stroke: none; stroke-dasharray: none; stroke-dashoffset: 0px; stroke-linecap: butt; stroke-linejoin: miter; stroke-miterlimit: 4; stroke-opacity: 1; stroke-width: 1px; alignment-baseline: auto; baseline-shift: 0px; dominant-baseline: auto; text-anchor: start; writing-mode: horizontal-tb; vector-effect: none; paint-order: normal; d: none; cx: 0px; cy: 0px; x: 0px; y: 0px; r: 0px; rx: auto; ry: auto; caret-color: rgb(60, 64, 67); line-break: auto;\">  <svg viewBox=\"0 0 24 24\" style=\"animation: 0s ease 0s 1 normal none running none; background: none 0% 0% / auto repeat scroll padding-box border-box rgba(0, 0, 0, 0); background-blend-mode: normal; border: 0px none rgb(60, 64, 67); border-radius: 0px; border-collapse: separate; bottom: auto; box-shadow: none; box-sizing: border-box; break-after: auto; break-before: auto; break-inside: auto; caption-side: top; clear: none; clip: auto; color: rgb(60, 64, 67); content: normal; cursor: pointer; direction: ltr; display: block; empty-cells: show; float: none; font: 400 14px/22px &quot;Google Sans&quot;, Arial, sans-serif; font-kerning: auto; height: 24px; image-rendering: auto; isolation: auto; place-items: normal; place-self: auto; left: auto; letter-spacing: normal; list-style: disc outside none; margin: 0px; max-height: none; max-width: none; min-height: 0px; min-width: 0px; mix-blend-mode: normal; object-fit: fill; object-position: 50% 50%; offset: none 0px auto 0deg; opacity: 1; orphans: 2; outline: rgb(60, 64, 67) none 0px; outline-offset: 0px; overflow-anchor: auto; overflow-wrap: normal; overflow: hidden; padding: 0px; pointer-events: none; position: static; resize: none; right: auto; scroll-behavior: auto; speak: normal; table-layout: auto; tab-size: 8; text-align: start; text-align-last: auto; text-decoration: none solid rgb(60, 64, 67); text-decoration-skip-ink: auto; text-underline-position: auto; text-indent: 0px; text-rendering: auto; text-shadow: none; text-size-adjust: 100%; text-overflow: clip; text-transform: none; top: auto; touch-action: auto; transition: all 0s ease 0s; unicode-bidi: normal; vertical-align: baseline; visibility: visible; white-space: normal; widows: 2; width: 24px; will-change: auto; word-break: normal; word-spacing: 0px; z-index: auto; zoom: 1; -webkit-appearance: none; backface-visibility: visible; border-spacing: 0px; -webkit-border-image: none; -webkit-box-align: stretch; -webkit-box-decoration-break: slice; -webkit-box-direction: normal; -webkit-box-flex: 0; -webkit-box-ordinal-group: 1; -webkit-box-orient: horizontal; -webkit-box-pack: start; columns: auto auto; gap: normal normal; column-rule: 0px none rgb(60, 64, 67); column-span: none; place-content: normal; flex: 0 1 auto; flex-flow: row nowrap; -webkit-font-smoothing: antialiased; grid-auto-columns: auto; grid-auto-flow: row; grid-auto-rows: auto; grid-area: auto / auto / auto / auto; grid-template-areas: none; grid-template-columns: none; grid-template-rows: none; -webkit-highlight: none; hyphens: manual; -webkit-hyphenate-character: auto; -webkit-line-break: auto; -webkit-locale: &quot;en-US&quot;; -webkit-margin-collapse: collapse collapse; -webkit-mask-box-image-source: none; -webkit-mask-box-image-slice: 0 fill; -webkit-mask-box-image-width: auto; -webkit-mask-box-image-outset: 0px; -webkit-mask-box-image-repeat: stretch; -webkit-mask: none 0% 0% / auto repeat border-box border-box; -webkit-mask-composite: source-over; order: 0; perspective: none; perspective-origin: 12px 12px; -webkit-print-color-adjust: economy; -webkit-rtl-ordering: logical; shape-outside: none; shape-image-threshold: 0; shape-margin: 0px; -webkit-tap-highlight-color: rgba(0, 0, 0, 0.4); -webkit-text-combine: none; -webkit-text-decorations-in-effect: none; -webkit-text-emphasis: none rgb(60, 64, 67); -webkit-text-emphasis-position: over right; -webkit-text-fill-color: rgb(60, 64, 67); -webkit-text-orientation: vertical-right; -webkit-text-security: none; -webkit-text-stroke: 0px rgb(60, 64, 67); transform: none; transform-origin: 12px 12px; transform-style: flat; -webkit-user-drag: auto; -webkit-user-modify: read-only; user-select: auto; -webkit-writing-mode: horizontal-tb; -webkit-app-region: none; buffered-rendering: auto; clip-path: none; clip-rule: nonzero; mask: none; filter: none; flood-color: rgb(0, 0, 0); flood-opacity: 1; lighting-color: rgb(255, 255, 255); stop-color: rgb(0, 0, 0); stop-opacity: 1; color-interpolation: srgb; color-interpolation-filters: linearrgb; color-rendering: auto; fill: rgb(60, 64, 67); fill-opacity: 1; fill-rule: nonzero; marker: none; mask-type: luminance; shape-rendering: auto; stroke: none; stroke-dasharray: none; stroke-dashoffset: 0px; stroke-linecap: butt; stroke-linejoin: miter; stroke-miterlimit: 4; stroke-opacity: 1; stroke-width: 1px; alignment-baseline: auto; baseline-shift: 0px; dominant-baseline: auto; text-anchor: start; writing-mode: horizontal-tb; vector-effect: none; paint-order: normal; d: none; cx: 0px; cy: 0px; x: 0px; y: 0px; r: 0px; rx: auto; ry: auto; caret-color: rgb(60, 64, 67); line-break: auto;\"><path d=\"M12 2C6.48 2 2 6.48 2 12s4.48 10 10 10 10-4.48 10-10S17.52 2 12 2zm0 3c1.66 0 3 1.34 3 3s-1.34 3-3 3-3-1.34-3-3 1.34-3 3-3zm0 14.2c-2.5 0-4.71-1.28-6-3.22.03-1.99 4-3.08 6-3.08 1.99 0 5.97 1.09 6 3.08-1.29 1.94-3.5 3.22-6 3.22z\" style=\"animation: 0s ease 0s 1 normal none running none; background: none 0% 0% / auto repeat scroll padding-box border-box rgba(0, 0, 0, 0); background-blend-mode: normal; border: 0px none rgb(60, 64, 67); border-radius: 0px; border-collapse: separate; bottom: auto; box-shadow: none; box-sizing: border-box; break-after: auto; break-before: auto; break-inside: auto; caption-side: top; clear: none; clip: auto; color: rgb(60, 64, 67); content: normal; cursor: pointer; direction: ltr; display: inline; empty-cells: show; float: none; font: 400 14px/22px &quot;Google Sans&quot;, Arial, sans-serif; font-kerning: auto; height: auto; image-rendering: auto; isolation: auto; place-items: normal; place-self: auto; left: auto; letter-spacing: normal; list-style: disc outside none; margin: 0px; max-height: none; max-width: none; min-height: 0px; min-width: 0px; mix-blend-mode: normal; object-fit: fill; object-position: 50% 50%; offset: none 0px auto 0deg; opacity: 1; orphans: 2; outline: rgb(60, 64, 67) none 0px; outline-offset: 0px; overflow-anchor: auto; overflow-wrap: normal; overflow: visible; padding: 0px; pointer-events: none; position: static; resize: none; right: auto; scroll-behavior: auto; speak: normal; table-layout: auto; tab-size: 8; text-align: start; text-align-last: auto; text-decoration: none solid rgb(60, 64, 67); text-decoration-skip-ink: auto; text-underline-position: auto; text-indent: 0px; text-rendering: auto; text-shadow: none; text-size-adjust: 100%; text-overflow: clip; text-transform: none; top: auto; touch-action: auto; transition: all 0s ease 0s; unicode-bidi: normal; vertical-align: baseline; visibility: visible; white-space: normal; widows: 2; width: auto; will-change: auto; word-break: normal; word-spacing: 0px; z-index: auto; zoom: 1; -webkit-appearance: none; backface-visibility: visible; border-spacing: 0px; -webkit-border-image: none; -webkit-box-align: stretch; -webkit-box-decoration-break: slice; -webkit-box-direction: normal; -webkit-box-flex: 0; -webkit-box-ordinal-group: 1; -webkit-box-orient: horizontal; -webkit-box-pack: start; columns: auto auto; gap: normal normal; column-rule: 0px none rgb(60, 64, 67); column-span: none; place-content: normal; flex: 0 1 auto; flex-flow: row nowrap; -webkit-font-smoothing: antialiased; grid-auto-columns: auto; grid-auto-flow: row; grid-auto-rows: auto; grid-area: auto / auto / auto / auto; grid-template-areas: none; grid-template-columns: none; grid-template-rows: none; -webkit-highlight: none; hyphens: manual; -webkit-hyphenate-character: auto; -webkit-line-break: auto; -webkit-locale: &quot;en-US&quot;; -webkit-margin-collapse: collapse collapse; -webkit-mask-box-image-source: none; -webkit-mask-box-image-slice: 0 fill; -webkit-mask-box-image-width: auto; -webkit-mask-box-image-outset: 0px; -webkit-mask-box-image-repeat: stretch; -webkit-mask: none 0% 0% / auto repeat border-box border-box; -webkit-mask-composite: source-over; order: 0; perspective: none; perspective-origin: 0px 0px; -webkit-print-color-adjust: economy; -webkit-rtl-ordering: logical; shape-outside: none; shape-image-threshold: 0; shape-margin: 0px; -webkit-tap-highlight-color: rgba(0, 0, 0, 0.4); -webkit-text-combine: none; -webkit-text-decorations-in-effect: none; -webkit-text-emphasis: none rgb(60, 64, 67); -webkit-text-emphasis-position: over right; -webkit-text-fill-color: rgb(60, 64, 67); -webkit-text-orientation: vertical-right; -webkit-text-security: none; -webkit-text-stroke: 0px rgb(60, 64, 67); transform: none; transform-origin: 0px 0px; transform-style: flat; -webkit-user-drag: auto; -webkit-user-modify: read-only; user-select: auto; -webkit-writing-mode: horizontal-tb; -webkit-app-region: none; buffered-rendering: auto; clip-path: none; clip-rule: nonzero; mask: none; filter: none; flood-color: rgb(0, 0, 0); flood-opacity: 1; lighting-color: rgb(255, 255, 255); stop-color: rgb(0, 0, 0); stop-opacity: 1; color-interpolation: srgb; color-interpolation-filters: linearrgb; color-rendering: auto; fill: rgb(60, 64, 67); fill-opacity: 1; fill-rule: nonzero; marker: none; mask-type: luminance; shape-rendering: auto; stroke: none; stroke-dasharray: none; stroke-dashoffset: 0px; stroke-linecap: butt; stroke-linejoin: miter; stroke-miterlimit: 4; stroke-opacity: 1; stroke-width: 1px; alignment-baseline: auto; baseline-shift: 0px; dominant-baseline: auto; text-anchor: start; writing-mode: horizontal-tb; vector-effect: none; paint-order: normal; d: path(&quot;M 12 2 C 6.48 2 2 6.48 2 12 S 6.48 22 12 22 S 22 17.52 22 12 S 17.52 2 12 2 Z M 12 5 C 13.66 5 15 6.34 15 8 S 13.66 11 12 11 S 9 9.66 9 8 S 10.34 5 12 5 Z M 12 19.2 C 9.5 19.2 7.29 17.92 6 15.98 C 6.03 13.99 10 12.9 12 12.9 C 13.99 12.9 17.97 13.99 18 15.98 C 16.71 17.92 14.5 19.2 12 19.2 Z&quot;); cx: 0px; cy: 0px; x: 0px; y: 0px; r: 0px; rx: auto; ry: auto; caret-color: rgb(60, 64, 67); line-break: auto;\"></path></svg> </div><span class=\"footer-logo-item-text\" style=\"animation: 0s ease 0s 1 normal none running none; background: none 0% 0% / auto repeat scroll padding-box border-box rgba(0, 0, 0, 0); background-blend-mode: normal; border: 0px none rgb(60, 64, 67); border-radius: 0px; border-collapse: separate; bottom: auto; box-shadow: none; box-sizing: border-box; break-after: auto; break-before: auto; break-inside: auto; caption-side: top; clear: none; clip: auto; color: rgb(60, 64, 67); content: normal; cursor: pointer; direction: ltr; display: table-cell; empty-cells: show; float: none; font: 400 14px/22px &quot;Google Sans&quot;, Arial, sans-serif; font-kerning: auto; height: 48px; image-rendering: auto; isolation: auto; place-items: normal; place-self: auto; left: auto; letter-spacing: normal; list-style: disc outside none; margin: 0px; max-height: none; max-width: none; min-height: 0px; min-width: 0px; mix-blend-mode: normal; object-fit: fill; object-position: 50% 50%; offset: none 0px auto 0deg; opacity: 1; orphans: 2; outline: rgb(60, 64, 67) none 0px; outline-offset: 0px; overflow-anchor: auto; overflow-wrap: normal; overflow: visible; padding: 0px; pointer-events: auto; position: static; resize: none; right: auto; scroll-behavior: auto; speak: normal; table-layout: auto; tab-size: 8; text-align: start; text-align-last: auto; text-decoration: none solid rgb(60, 64, 67); text-decoration-skip-ink: auto; text-underline-position: auto; text-indent: 0px; text-rendering: auto; text-shadow: none; text-size-adjust: 100%; text-overflow: clip; text-transform: none; top: auto; touch-action: auto; transition: all 0s ease 0s; unicode-bidi: normal; vertical-align: top; visibility: visible; white-space: normal; widows: 2; width: 85px; will-change: auto; word-break: normal; word-spacing: 0px; z-index: auto; zoom: 1; -webkit-appearance: none; backface-visibility: visible; border-spacing: 0px; -webkit-border-image: none; -webkit-box-align: stretch; -webkit-box-decoration-break: slice; -webkit-box-direction: normal; -webkit-box-flex: 0; -webkit-box-ordinal-group: 1; -webkit-box-orient: horizontal; -webkit-box-pack: start; columns: auto auto; gap: normal normal; column-rule: 0px none rgb(60, 64, 67); column-span: none; place-content: normal; flex: 0 1 auto; flex-flow: row nowrap; -webkit-font-smoothing: antialiased; grid-auto-columns: auto; grid-auto-flow: row; grid-auto-rows: auto; grid-area: auto / auto / auto / auto; grid-template-areas: none; grid-template-columns: none; grid-template-rows: none; -webkit-highlight: none; hyphens: manual; -webkit-hyphenate-character: auto; -webkit-line-break: auto; -webkit-locale: &quot;en-US&quot;; -webkit-margin-collapse: collapse collapse; -webkit-mask-box-image-source: none; -webkit-mask-box-image-slice: 0 fill; -webkit-mask-box-image-width: auto; -webkit-mask-box-image-outset: 0px; -webkit-mask-box-image-repeat: stretch; -webkit-mask: none 0% 0% / auto repeat border-box border-box; -webkit-mask-composite: source-over; order: 0; perspective: none; perspective-origin: 42.5px 24px; -webkit-print-color-adjust: economy; -webkit-rtl-ordering: logical; shape-outside: none; shape-image-threshold: 0; shape-margin: 0px; -webkit-tap-highlight-color: rgba(0, 0, 0, 0.4); -webkit-text-combine: none; -webkit-text-decorations-in-effect: none; -webkit-text-emphasis: none rgb(60, 64, 67); -webkit-text-emphasis-position: over right; -webkit-text-fill-color: rgb(60, 64, 67); -webkit-text-orientation: vertical-right; -webkit-text-security: none; -webkit-text-stroke: 0px rgb(60, 64, 67); transform: none; transform-origin: 42.5px 24px; transform-style: flat; -webkit-user-drag: auto; -webkit-user-modify: read-only; user-select: auto; -webkit-writing-mode: horizontal-tb; -webkit-app-region: none; buffered-rendering: auto; clip-path: none; clip-rule: nonzero; mask: none; filter: none; flood-color: rgb(0, 0, 0); flood-opacity: 1; lighting-color: rgb(255, 255, 255); stop-color: rgb(0, 0, 0); stop-opacity: 1; color-interpolation: srgb; color-interpolation-filters: linearrgb; color-rendering: auto; fill: rgb(0, 0, 0); fill-opacity: 1; fill-rule: nonzero; marker: none; mask-type: luminance; shape-rendering: auto; stroke: none; stroke-dasharray: none; stroke-dashoffset: 0px; stroke-linecap: butt; stroke-linejoin: miter; stroke-miterlimit: 4; stroke-opacity: 1; stroke-width: 1px; alignment-baseline: auto; baseline-shift: 0px; dominant-baseline: auto; text-anchor: start; writing-mode: horizontal-tb; vector-effect: none; paint-order: normal; d: none; cx: 0px; cy: 0px; x: 0px; y: 0px; r: 0px; rx: auto; ry: auto; caret-color: rgb(60, 64, 67); line-break: auto;\">Your Account</span></a>"}