{"x":[{"x":0,"y":0,"width":0,"height":0,"top":0,"right":0,"bottom":0,"left":0},{"x":0,"y":0,"width":0,"height":0,"top":0,"right":0,"bottom":0,"left":0},{"x":0,"y":0,"width":0,"height":0,"top":0,"right":0,"bottom":0,"left":0},{"x":0,"y":0,"width":0,"height":0,"top":0,"right":0,"bottom":0,"left":0},{"x":0,"y":0,"width":0,"height":0,"top":0,"right":0,"bottom":0,"left":0},{"x":0,"y":0,"width":0,"height":0,"top":0,"right":0,"bottom":0,"left":0},{"x":0,"y":0,"width":0,"height":0,"top":0,"right":0,"bottom":0,"left":0}],"y":".block.static.row.nowrap.{.block.static.row.nowrap.|.block.static.row.nowrap.|.block.static.row.nowrap.{.inline-block.static.row.nowrap.}.|.block.static.row.nowrap.{.inline.static.row.nowrap.}.}","viewport":{"width":800,"height":4037},"bodyRect":{"width":800,"height":600},"markup":"\n                <h2 class=\"office-name\" itemprop=\"name\" style=\"animation: 0s ease 0s 1 normal none running none; background: none 0% 0% / auto repeat scroll padding-box border-box rgba(0, 0, 0, 0); background-blend-mode: normal; border: 0px none rgb(32, 33, 36); border-radius: 0px; border-collapse: separate; bottom: auto; box-shadow: none; box-sizing: border-box; break-after: auto; break-before: auto; break-inside: auto; caption-side: top; clear: none; clip: auto; color: rgb(32, 33, 36); content: normal; cursor: auto; direction: ltr; display: block; empty-cells: show; float: none; font: 400 18px/24px &quot;Google Sans&quot;, Arial, Helvetica, sans-serif; font-kerning: auto; height: auto; image-rendering: auto; isolation: auto; place-items: normal; place-self: auto; left: auto; letter-spacing: 0.5px; list-style: none outside none; margin: 0px; max-height: none; max-width: none; min-height: 0px; min-width: 0px; mix-blend-mode: normal; object-fit: fill; object-position: 50% 50%; offset: none 0px auto 0deg; opacity: 1; orphans: 2; outline: rgb(32, 33, 36) none 0px; outline-offset: 0px; overflow-anchor: auto; overflow-wrap: break-word; overflow: visible; padding: 0px; pointer-events: auto; position: static; resize: none; right: auto; scroll-behavior: auto; speak: normal; table-layout: auto; tab-size: 8; text-align: left; text-align-last: auto; text-decoration: none solid rgb(32, 33, 36); text-decoration-skip-ink: auto; text-underline-position: auto; text-indent: 0px; text-rendering: optimizelegibility; text-shadow: none; text-size-adjust: 100%; text-overflow: clip; text-transform: none; top: auto; touch-action: auto; transition: all 0s ease 0s; unicode-bidi: normal; vertical-align: baseline; visibility: visible; white-space: normal; widows: 2; width: auto; will-change: auto; word-break: normal; word-spacing: 0px; z-index: auto; zoom: 1; -webkit-appearance: none; backface-visibility: visible; border-spacing: 0px; -webkit-border-image: none; -webkit-box-align: stretch; -webkit-box-decoration-break: slice; -webkit-box-direction: normal; -webkit-box-flex: 0; -webkit-box-ordinal-group: 1; -webkit-box-orient: horizontal; -webkit-box-pack: start; columns: auto auto; gap: normal normal; column-rule: 0px none rgb(32, 33, 36); column-span: none; place-content: normal; flex: 0 1 auto; flex-flow: row nowrap; -webkit-font-smoothing: antialiased; grid-auto-columns: auto; grid-auto-flow: row; grid-auto-rows: auto; grid-area: auto / auto / auto / auto; grid-template-areas: none; grid-template-columns: none; grid-template-rows: none; -webkit-highlight: none; hyphens: manual; -webkit-hyphenate-character: auto; -webkit-line-break: auto; -webkit-locale: &quot;tr&quot;; -webkit-margin-collapse: collapse collapse; -webkit-mask-box-image-source: none; -webkit-mask-box-image-slice: 0 fill; -webkit-mask-box-image-width: auto; -webkit-mask-box-image-outset: 0px; -webkit-mask-box-image-repeat: stretch; -webkit-mask: none 0% 0% / auto repeat border-box border-box; -webkit-mask-composite: source-over; order: 0; perspective: none; perspective-origin: 50% 50%; -webkit-print-color-adjust: economy; -webkit-rtl-ordering: logical; shape-outside: none; shape-image-threshold: 0; shape-margin: 0px; -webkit-tap-highlight-color: rgba(0, 0, 0, 0.4); -webkit-text-combine: none; -webkit-text-decorations-in-effect: none; -webkit-text-emphasis: none rgb(32, 33, 36); -webkit-text-emphasis-position: over right; -webkit-text-fill-color: rgb(32, 33, 36); -webkit-text-orientation: vertical-right; -webkit-text-security: none; -webkit-text-stroke: 0px rgb(32, 33, 36); transform: none; transform-origin: 50% 50%; transform-style: flat; -webkit-user-drag: auto; -webkit-user-modify: read-only; user-select: auto; -webkit-writing-mode: horizontal-tb; -webkit-app-region: none; buffered-rendering: auto; clip-path: none; clip-rule: nonzero; mask: none; filter: none; flood-color: rgb(0, 0, 0); flood-opacity: 1; lighting-color: rgb(255, 255, 255); stop-color: rgb(0, 0, 0); stop-opacity: 1; color-interpolation: srgb; color-interpolation-filters: linearrgb; color-rendering: auto; fill: rgb(0, 0, 0); fill-opacity: 1; fill-rule: nonzero; marker: none; mask-type: luminance; shape-rendering: auto; stroke: none; stroke-dasharray: none; stroke-dashoffset: 0px; stroke-linecap: butt; stroke-linejoin: miter; stroke-miterlimit: 4; stroke-opacity: 1; stroke-width: 1px; alignment-baseline: auto; baseline-shift: 0px; dominant-baseline: auto; text-anchor: start; writing-mode: horizontal-tb; vector-effect: none; paint-order: normal; d: none; cx: 0px; cy: 0px; x: 0px; y: 0px; r: 0px; rx: auto; ry: auto; caret-color: rgb(32, 33, 36); line-break: auto;\">\n                  Buenos Aires\n                </h2>\n                <div class=\"office-address\" itemprop=\"address\" style=\"animation: 0s ease 0s 1 normal none running none; background: none 0% 0% / auto repeat scroll padding-box border-box rgba(0, 0, 0, 0); background-blend-mode: normal; border: 0px none rgb(32, 33, 36); border-radius: 0px; border-collapse: separate; bottom: auto; box-shadow: none; box-sizing: border-box; break-after: auto; break-before: auto; break-inside: auto; caption-side: top; clear: none; clip: auto; color: rgb(32, 33, 36); content: normal; cursor: auto; direction: ltr; display: block; empty-cells: show; float: none; font: 400 14px/24px Roboto, Arial, Helvetica, sans-serif; font-kerning: auto; height: auto; image-rendering: auto; isolation: auto; place-items: normal; place-self: auto; left: auto; letter-spacing: 0.24992px; list-style: none outside none; margin: 0px; max-height: none; max-width: none; min-height: 0px; min-width: 0px; mix-blend-mode: normal; object-fit: fill; object-position: 50% 50%; offset: none 0px auto 0deg; opacity: 1; orphans: 2; outline: rgb(32, 33, 36) none 0px; outline-offset: 0px; overflow-anchor: auto; overflow-wrap: break-word; overflow: visible; padding: 0px; pointer-events: auto; position: static; resize: none; right: auto; scroll-behavior: auto; speak: normal; table-layout: auto; tab-size: 8; text-align: left; text-align-last: auto; text-decoration: none solid rgb(32, 33, 36); text-decoration-skip-ink: auto; text-underline-position: auto; text-indent: 0px; text-rendering: auto; text-shadow: none; text-size-adjust: 100%; text-overflow: clip; text-transform: none; top: auto; touch-action: auto; transition: all 0s ease 0s; unicode-bidi: normal; vertical-align: baseline; visibility: visible; white-space: pre-wrap; widows: 2; width: auto; will-change: auto; word-break: normal; word-spacing: 0px; z-index: auto; zoom: 1; -webkit-appearance: none; backface-visibility: visible; border-spacing: 0px; -webkit-border-image: none; -webkit-box-align: stretch; -webkit-box-decoration-break: slice; -webkit-box-direction: normal; -webkit-box-flex: 0; -webkit-box-ordinal-group: 1; -webkit-box-orient: horizontal; -webkit-box-pack: start; columns: auto auto; gap: normal normal; column-rule: 0px none rgb(32, 33, 36); column-span: none; place-content: normal; flex: 0 1 auto; flex-flow: row nowrap; -webkit-font-smoothing: antialiased; grid-auto-columns: auto; grid-auto-flow: row; grid-auto-rows: auto; grid-area: auto / auto / auto / auto; grid-template-areas: none; grid-template-columns: none; grid-template-rows: none; -webkit-highlight: none; hyphens: manual; -webkit-hyphenate-character: auto; -webkit-line-break: auto; -webkit-locale: &quot;tr&quot;; -webkit-margin-collapse: collapse collapse; -webkit-mask-box-image-source: none; -webkit-mask-box-image-slice: 0 fill; -webkit-mask-box-image-width: auto; -webkit-mask-box-image-outset: 0px; -webkit-mask-box-image-repeat: stretch; -webkit-mask: none 0% 0% / auto repeat border-box border-box; -webkit-mask-composite: source-over; order: 0; perspective: none; perspective-origin: 50% 50%; -webkit-print-color-adjust: economy; -webkit-rtl-ordering: logical; shape-outside: none; shape-image-threshold: 0; shape-margin: 0px; -webkit-tap-highlight-color: rgba(0, 0, 0, 0.4); -webkit-text-combine: none; -webkit-text-decorations-in-effect: none; -webkit-text-emphasis: none rgb(32, 33, 36); -webkit-text-emphasis-position: over right; -webkit-text-fill-color: rgb(32, 33, 36); -webkit-text-orientation: vertical-right; -webkit-text-security: none; -webkit-text-stroke: 0px rgb(32, 33, 36); transform: none; transform-origin: 50% 50%; transform-style: flat; -webkit-user-drag: auto; -webkit-user-modify: read-only; user-select: auto; -webkit-writing-mode: horizontal-tb; -webkit-app-region: none; buffered-rendering: auto; clip-path: none; clip-rule: nonzero; mask: none; filter: none; flood-color: rgb(0, 0, 0); flood-opacity: 1; lighting-color: rgb(255, 255, 255); stop-color: rgb(0, 0, 0); stop-opacity: 1; color-interpolation: srgb; color-interpolation-filters: linearrgb; color-rendering: auto; fill: rgb(0, 0, 0); fill-opacity: 1; fill-rule: nonzero; marker: none; mask-type: luminance; shape-rendering: auto; stroke: none; stroke-dasharray: none; stroke-dashoffset: 0px; stroke-linecap: butt; stroke-linejoin: miter; stroke-miterlimit: 4; stroke-opacity: 1; stroke-width: 1px; alignment-baseline: auto; baseline-shift: 0px; dominant-baseline: auto; text-anchor: start; writing-mode: horizontal-tb; vector-effect: none; paint-order: normal; d: none; cx: 0px; cy: 0px; x: 0px; y: 0px; r: 0px; rx: auto; ry: auto; caret-color: rgb(32, 33, 36); line-break: auto;\">Alicia M. De Justo 350, 2nd Floor\nBuenos Aires, C1107AAH\nArjantin</div>\n                  <div class=\"office-phone-number\" style=\"animation: 0s ease 0s 1 normal none running none; background: none 0% 0% / auto repeat scroll padding-box border-box rgba(0, 0, 0, 0); background-blend-mode: normal; border: 0px none rgb(32, 33, 36); border-radius: 0px; border-collapse: separate; bottom: auto; box-shadow: none; box-sizing: border-box; break-after: auto; break-before: auto; break-inside: auto; caption-side: top; clear: none; clip: auto; color: rgb(32, 33, 36); content: normal; cursor: auto; direction: ltr; display: block; empty-cells: show; float: none; font: 400 14px/24px Roboto, Arial, Helvetica, sans-serif; font-kerning: auto; height: auto; image-rendering: auto; isolation: auto; place-items: normal; place-self: auto; left: auto; letter-spacing: 0.24992px; list-style: none outside none; margin: 0px; max-height: none; max-width: none; min-height: 0px; min-width: 0px; mix-blend-mode: normal; object-fit: fill; object-position: 50% 50%; offset: none 0px auto 0deg; opacity: 1; orphans: 2; outline: rgb(32, 33, 36) none 0px; outline-offset: 0px; overflow-anchor: auto; overflow-wrap: break-word; overflow: visible; padding: 0px; pointer-events: auto; position: static; resize: none; right: auto; scroll-behavior: auto; speak: normal; table-layout: auto; tab-size: 8; text-align: left; text-align-last: auto; text-decoration: none solid rgb(32, 33, 36); text-decoration-skip-ink: auto; text-underline-position: auto; text-indent: 0px; text-rendering: auto; text-shadow: none; text-size-adjust: 100%; text-overflow: clip; text-transform: none; top: auto; touch-action: auto; transition: all 0s ease 0s; unicode-bidi: normal; vertical-align: baseline; visibility: visible; white-space: normal; widows: 2; width: auto; will-change: auto; word-break: normal; word-spacing: 0px; z-index: auto; zoom: 1; -webkit-appearance: none; backface-visibility: visible; border-spacing: 0px; -webkit-border-image: none; -webkit-box-align: stretch; -webkit-box-decoration-break: slice; -webkit-box-direction: normal; -webkit-box-flex: 0; -webkit-box-ordinal-group: 1; -webkit-box-orient: horizontal; -webkit-box-pack: start; columns: auto auto; gap: normal normal; column-rule: 0px none rgb(32, 33, 36); column-span: none; place-content: normal; flex: 0 1 auto; flex-flow: row nowrap; -webkit-font-smoothing: antialiased; grid-auto-columns: auto; grid-auto-flow: row; grid-auto-rows: auto; grid-area: auto / auto / auto / auto; grid-template-areas: none; grid-template-columns: none; grid-template-rows: none; -webkit-highlight: none; hyphens: manual; -webkit-hyphenate-character: auto; -webkit-line-break: auto; -webkit-locale: &quot;tr&quot;; -webkit-margin-collapse: collapse collapse; -webkit-mask-box-image-source: none; -webkit-mask-box-image-slice: 0 fill; -webkit-mask-box-image-width: auto; -webkit-mask-box-image-outset: 0px; -webkit-mask-box-image-repeat: stretch; -webkit-mask: none 0% 0% / auto repeat border-box border-box; -webkit-mask-composite: source-over; order: 0; perspective: none; perspective-origin: 50% 50%; -webkit-print-color-adjust: economy; -webkit-rtl-ordering: logical; shape-outside: none; shape-image-threshold: 0; shape-margin: 0px; -webkit-tap-highlight-color: rgba(0, 0, 0, 0.4); -webkit-text-combine: none; -webkit-text-decorations-in-effect: none; -webkit-text-emphasis: none rgb(32, 33, 36); -webkit-text-emphasis-position: over right; -webkit-text-fill-color: rgb(32, 33, 36); -webkit-text-orientation: vertical-right; -webkit-text-security: none; -webkit-text-stroke: 0px rgb(32, 33, 36); transform: none; transform-origin: 50% 50%; transform-style: flat; -webkit-user-drag: auto; -webkit-user-modify: read-only; user-select: auto; -webkit-writing-mode: horizontal-tb; -webkit-app-region: none; buffered-rendering: auto; clip-path: none; clip-rule: nonzero; mask: none; filter: none; flood-color: rgb(0, 0, 0); flood-opacity: 1; lighting-color: rgb(255, 255, 255); stop-color: rgb(0, 0, 0); stop-opacity: 1; color-interpolation: srgb; color-interpolation-filters: linearrgb; color-rendering: auto; fill: rgb(0, 0, 0); fill-opacity: 1; fill-rule: nonzero; marker: none; mask-type: luminance; shape-rendering: auto; stroke: none; stroke-dasharray: none; stroke-dashoffset: 0px; stroke-linecap: butt; stroke-linejoin: miter; stroke-miterlimit: 4; stroke-opacity: 1; stroke-width: 1px; alignment-baseline: auto; baseline-shift: 0px; dominant-baseline: auto; text-anchor: start; writing-mode: horizontal-tb; vector-effect: none; paint-order: normal; d: none; cx: 0px; cy: 0px; x: 0px; y: 0px; r: 0px; rx: auto; ry: auto; caret-color: rgb(32, 33, 36); line-break: auto;\">\n                    Telefon:\n                    <span itemprop=\"telephone\" class=\"phone-number\" data-phone-number=\"+54-11-5530-3000\" style=\"animation: 0s ease 0s 1 normal none running none; background: none 0% 0% / auto repeat scroll padding-box border-box rgba(0, 0, 0, 0); background-blend-mode: normal; border: 0px none rgb(32, 33, 36); border-radius: 0px; border-collapse: separate; bottom: auto; box-shadow: none; box-sizing: border-box; break-after: auto; break-before: auto; break-inside: auto; caption-side: top; clear: none; clip: auto; color: rgb(32, 33, 36); content: normal; cursor: auto; direction: ltr; display: inline-block; empty-cells: show; float: none; font: 400 14px/24px Roboto, Arial, Helvetica, sans-serif; font-kerning: auto; height: auto; image-rendering: auto; isolation: auto; place-items: normal; place-self: auto; left: auto; letter-spacing: 0.24992px; list-style: none outside none; margin: 0px; max-height: none; max-width: none; min-height: 0px; min-width: 0px; mix-blend-mode: normal; object-fit: fill; object-position: 50% 50%; offset: none 0px auto 0deg; opacity: 1; orphans: 2; outline: rgb(32, 33, 36) none 0px; outline-offset: 0px; overflow-anchor: auto; overflow-wrap: break-word; overflow: visible; padding: 0px; pointer-events: auto; position: static; resize: none; right: auto; scroll-behavior: auto; speak: normal; table-layout: auto; tab-size: 8; text-align: left; text-align-last: auto; text-decoration: none solid rgb(32, 33, 36); text-decoration-skip-ink: auto; text-underline-position: auto; text-indent: 0px; text-rendering: auto; text-shadow: none; text-size-adjust: 100%; text-overflow: clip; text-transform: none; top: auto; touch-action: auto; transition: all 0s ease 0s; unicode-bidi: normal; vertical-align: baseline; visibility: visible; white-space: normal; widows: 2; width: auto; will-change: auto; word-break: normal; word-spacing: 0px; z-index: auto; zoom: 1; -webkit-appearance: none; backface-visibility: visible; border-spacing: 0px; -webkit-border-image: none; -webkit-box-align: stretch; -webkit-box-decoration-break: slice; -webkit-box-direction: normal; -webkit-box-flex: 0; -webkit-box-ordinal-group: 1; -webkit-box-orient: horizontal; -webkit-box-pack: start; columns: auto auto; gap: normal normal; column-rule: 0px none rgb(32, 33, 36); column-span: none; place-content: normal; flex: 0 1 auto; flex-flow: row nowrap; -webkit-font-smoothing: antialiased; grid-auto-columns: auto; grid-auto-flow: row; grid-auto-rows: auto; grid-area: auto / auto / auto / auto; grid-template-areas: none; grid-template-columns: none; grid-template-rows: none; -webkit-highlight: none; hyphens: manual; -webkit-hyphenate-character: auto; -webkit-line-break: auto; -webkit-locale: &quot;tr&quot;; -webkit-margin-collapse: collapse collapse; -webkit-mask-box-image-source: none; -webkit-mask-box-image-slice: 0 fill; -webkit-mask-box-image-width: auto; -webkit-mask-box-image-outset: 0px; -webkit-mask-box-image-repeat: stretch; -webkit-mask: none 0% 0% / auto repeat border-box border-box; -webkit-mask-composite: source-over; order: 0; perspective: none; perspective-origin: 50% 50%; -webkit-print-color-adjust: economy; -webkit-rtl-ordering: logical; shape-outside: none; shape-image-threshold: 0; shape-margin: 0px; -webkit-tap-highlight-color: rgba(0, 0, 0, 0.4); -webkit-text-combine: none; -webkit-text-decorations-in-effect: none; -webkit-text-emphasis: none rgb(32, 33, 36); -webkit-text-emphasis-position: over right; -webkit-text-fill-color: rgb(32, 33, 36); -webkit-text-orientation: vertical-right; -webkit-text-security: none; -webkit-text-stroke: 0px rgb(32, 33, 36); transform: none; transform-origin: 50% 50%; transform-style: flat; -webkit-user-drag: auto; -webkit-user-modify: read-only; user-select: auto; -webkit-writing-mode: horizontal-tb; -webkit-app-region: none; buffered-rendering: auto; clip-path: none; clip-rule: nonzero; mask: none; filter: none; flood-color: rgb(0, 0, 0); flood-opacity: 1; lighting-color: rgb(255, 255, 255); stop-color: rgb(0, 0, 0); stop-opacity: 1; color-interpolation: srgb; color-interpolation-filters: linearrgb; color-rendering: auto; fill: rgb(0, 0, 0); fill-opacity: 1; fill-rule: nonzero; marker: none; mask-type: luminance; shape-rendering: auto; stroke: none; stroke-dasharray: none; stroke-dashoffset: 0px; stroke-linecap: butt; stroke-linejoin: miter; stroke-miterlimit: 4; stroke-opacity: 1; stroke-width: 1px; alignment-baseline: auto; baseline-shift: 0px; dominant-baseline: auto; text-anchor: start; writing-mode: horizontal-tb; vector-effect: none; paint-order: normal; d: none; cx: 0px; cy: 0px; x: 0px; y: 0px; r: 0px; rx: auto; ry: auto; caret-color: rgb(32, 33, 36); line-break: auto;\">\n                      +54-11-5530-3000\n                    </span>\n                  </div>\n\n\n\n                <div class=\"directions\" style=\"animation: 0s ease 0s 1 normal none running none; background: none 0% 0% / auto repeat scroll padding-box border-box rgba(0, 0, 0, 0); background-blend-mode: normal; border: 0px none rgb(32, 33, 36); border-radius: 0px; border-collapse: separate; bottom: auto; box-shadow: none; box-sizing: border-box; break-after: auto; break-before: auto; break-inside: auto; caption-side: top; clear: none; clip: auto; color: rgb(32, 33, 36); content: normal; cursor: auto; direction: ltr; display: block; empty-cells: show; float: none; font: 500 14px/22px Roboto, Arial, Helvetica, sans-serif; font-kerning: auto; height: auto; image-rendering: auto; isolation: auto; place-items: normal; place-self: auto; left: auto; letter-spacing: 0.34992px; list-style: none outside none; margin: 0px; max-height: none; max-width: none; min-height: 0px; min-width: 0px; mix-blend-mode: normal; object-fit: fill; object-position: 50% 50%; offset: none 0px auto 0deg; opacity: 1; orphans: 2; outline: rgb(32, 33, 36) none 0px; outline-offset: 0px; overflow-anchor: auto; overflow-wrap: break-word; overflow: visible; padding: 0px; pointer-events: auto; position: static; resize: none; right: auto; scroll-behavior: auto; speak: normal; table-layout: auto; tab-size: 8; text-align: left; text-align-last: auto; text-decoration: none solid rgb(32, 33, 36); text-decoration-skip-ink: auto; text-underline-position: auto; text-indent: 0px; text-rendering: auto; text-shadow: none; text-size-adjust: 100%; text-overflow: clip; text-transform: none; top: auto; touch-action: auto; transition: all 0s ease 0s; unicode-bidi: normal; vertical-align: baseline; visibility: visible; white-space: normal; widows: 2; width: auto; will-change: auto; word-break: normal; word-spacing: 0px; z-index: auto; zoom: 1; -webkit-appearance: none; backface-visibility: visible; border-spacing: 0px; -webkit-border-image: none; -webkit-box-align: stretch; -webkit-box-decoration-break: slice; -webkit-box-direction: normal; -webkit-box-flex: 0; -webkit-box-ordinal-group: 1; -webkit-box-orient: horizontal; -webkit-box-pack: start; columns: auto auto; gap: normal normal; column-rule: 0px none rgb(32, 33, 36); column-span: none; place-content: normal; flex: 0 1 auto; flex-flow: row nowrap; -webkit-font-smoothing: auto; grid-auto-columns: auto; grid-auto-flow: row; grid-auto-rows: auto; grid-area: auto / auto / auto / auto; grid-template-areas: none; grid-template-columns: none; grid-template-rows: none; -webkit-highlight: none; hyphens: manual; -webkit-hyphenate-character: auto; -webkit-line-break: auto; -webkit-locale: &quot;tr&quot;; -webkit-margin-collapse: collapse collapse; -webkit-mask-box-image-source: none; -webkit-mask-box-image-slice: 0 fill; -webkit-mask-box-image-width: auto; -webkit-mask-box-image-outset: 0px; -webkit-mask-box-image-repeat: stretch; -webkit-mask: none 0% 0% / auto repeat border-box border-box; -webkit-mask-composite: source-over; order: 0; perspective: none; perspective-origin: 50% 50%; -webkit-print-color-adjust: economy; -webkit-rtl-ordering: logical; shape-outside: none; shape-image-threshold: 0; shape-margin: 0px; -webkit-tap-highlight-color: rgba(0, 0, 0, 0.4); -webkit-text-combine: none; -webkit-text-decorations-in-effect: none; -webkit-text-emphasis: none rgb(32, 33, 36); -webkit-text-emphasis-position: over right; -webkit-text-fill-color: rgb(32, 33, 36); -webkit-text-orientation: vertical-right; -webkit-text-security: none; -webkit-text-stroke: 0px rgb(32, 33, 36); transform: none; transform-origin: 50% 50%; transform-style: flat; -webkit-user-drag: auto; -webkit-user-modify: read-only; user-select: auto; -webkit-writing-mode: horizontal-tb; -webkit-app-region: none; buffered-rendering: auto; clip-path: none; clip-rule: nonzero; mask: none; filter: none; flood-color: rgb(0, 0, 0); flood-opacity: 1; lighting-color: rgb(255, 255, 255); stop-color: rgb(0, 0, 0); stop-opacity: 1; color-interpolation: srgb; color-interpolation-filters: linearrgb; color-rendering: auto; fill: rgb(0, 0, 0); fill-opacity: 1; fill-rule: nonzero; marker: none; mask-type: luminance; shape-rendering: auto; stroke: none; stroke-dasharray: none; stroke-dashoffset: 0px; stroke-linecap: butt; stroke-linejoin: miter; stroke-miterlimit: 4; stroke-opacity: 1; stroke-width: 1px; alignment-baseline: auto; baseline-shift: 0px; dominant-baseline: auto; text-anchor: start; writing-mode: horizontal-tb; vector-effect: none; paint-order: normal; d: none; cx: 0px; cy: 0px; x: 0px; y: 0px; r: 0px; rx: auto; ry: auto; caret-color: rgb(32, 33, 36); line-break: auto;\">\n                  <a href=\"https://www.google.com/maps/dir/Current+Location/-34.602734,-58.366992?hl=en\" target=\"_blank\" rel=\"noopener\" style=\"animation: 0s ease 0s 1 normal none running none; background: none 0px 0px / auto repeat scroll padding-box border-box rgba(0, 0, 0, 0); background-blend-mode: normal; border: 0px none rgb(26, 115, 232); border-radius: 0px; border-collapse: separate; bottom: auto; box-shadow: none; box-sizing: border-box; break-after: auto; break-before: auto; break-inside: auto; caption-side: top; clear: none; clip: auto; color: rgb(26, 115, 232); content: normal; cursor: pointer; direction: ltr; display: inline; empty-cells: show; float: none; font: 500 14px/22px Roboto, Arial, Helvetica, sans-serif; font-kerning: auto; height: auto; image-rendering: auto; isolation: auto; place-items: normal; place-self: auto; left: auto; letter-spacing: 0.34992px; list-style: none outside none; margin: 0px; max-height: none; max-width: none; min-height: 0px; min-width: 0px; mix-blend-mode: normal; object-fit: fill; object-position: 50% 50%; offset: none 0px auto 0deg; opacity: 1; orphans: 2; outline: rgb(26, 115, 232) none 0px; outline-offset: 0px; overflow-anchor: auto; overflow-wrap: break-word; overflow: visible; padding: 0px; pointer-events: auto; position: static; resize: none; right: auto; scroll-behavior: auto; speak: normal; table-layout: auto; tab-size: 8; text-align: left; text-align-last: auto; text-decoration: none solid rgb(26, 115, 232); text-decoration-skip-ink: auto; text-underline-position: auto; text-indent: 0px; text-rendering: auto; text-shadow: none; text-size-adjust: 100%; text-overflow: clip; text-transform: none; top: auto; touch-action: auto; transition: all 0s ease 0s; unicode-bidi: normal; vertical-align: baseline; visibility: visible; white-space: normal; widows: 2; width: auto; will-change: auto; word-break: normal; word-spacing: 0px; z-index: auto; zoom: 1; -webkit-appearance: none; backface-visibility: visible; border-spacing: 0px; -webkit-border-image: none; -webkit-box-align: stretch; -webkit-box-decoration-break: slice; -webkit-box-direction: normal; -webkit-box-flex: 0; -webkit-box-ordinal-group: 1; -webkit-box-orient: horizontal; -webkit-box-pack: start; columns: auto auto; gap: normal normal; column-rule: 0px none rgb(26, 115, 232); column-span: none; place-content: normal; flex: 0 1 auto; flex-flow: row nowrap; -webkit-font-smoothing: auto; grid-auto-columns: auto; grid-auto-flow: row; grid-auto-rows: auto; grid-area: auto / auto / auto / auto; grid-template-areas: none; grid-template-columns: none; grid-template-rows: none; -webkit-highlight: none; hyphens: manual; -webkit-hyphenate-character: auto; -webkit-line-break: auto; -webkit-locale: &quot;tr&quot;; -webkit-margin-collapse: collapse collapse; -webkit-mask-box-image-source: none; -webkit-mask-box-image-slice: 0 fill; -webkit-mask-box-image-width: auto; -webkit-mask-box-image-outset: 0px; -webkit-mask-box-image-repeat: stretch; -webkit-mask: none 0% 0% / auto repeat border-box border-box; -webkit-mask-composite: source-over; order: 0; perspective: none; perspective-origin: 50% 50%; -webkit-print-color-adjust: economy; -webkit-rtl-ordering: logical; shape-outside: none; shape-image-threshold: 0; shape-margin: 0px; -webkit-tap-highlight-color: rgba(0, 0, 0, 0.4); -webkit-text-combine: none; -webkit-text-decorations-in-effect: none; -webkit-text-emphasis: none rgb(26, 115, 232); -webkit-text-emphasis-position: over right; -webkit-text-fill-color: rgb(26, 115, 232); -webkit-text-orientation: vertical-right; -webkit-text-security: none; -webkit-text-stroke: 0px rgb(26, 115, 232); transform: none; transform-origin: 50% 50%; transform-style: flat; -webkit-user-drag: auto; -webkit-user-modify: read-only; user-select: auto; -webkit-writing-mode: horizontal-tb; -webkit-app-region: none; buffered-rendering: auto; clip-path: none; clip-rule: nonzero; mask: none; filter: none; flood-color: rgb(0, 0, 0); flood-opacity: 1; lighting-color: rgb(255, 255, 255); stop-color: rgb(0, 0, 0); stop-opacity: 1; color-interpolation: srgb; color-interpolation-filters: linearrgb; color-rendering: auto; fill: rgb(0, 0, 0); fill-opacity: 1; fill-rule: nonzero; marker: none; mask-type: luminance; shape-rendering: auto; stroke: none; stroke-dasharray: none; stroke-dashoffset: 0px; stroke-linecap: butt; stroke-linejoin: miter; stroke-miterlimit: 4; stroke-opacity: 1; stroke-width: 1px; alignment-baseline: auto; baseline-shift: 0px; dominant-baseline: auto; text-anchor: start; writing-mode: horizontal-tb; vector-effect: none; paint-order: normal; d: none; cx: 0px; cy: 0px; x: 0px; y: 0px; r: 0px; rx: auto; ry: auto; caret-color: rgb(26, 115, 232); line-break: auto;\">\n                    Yol tarifi\n                  </a>\n                </div>\n              "}