{"x":[{"x":80,"y":1787,"width":640,"height":0,"top":1787,"right":720,"bottom":1787,"left":80},{"x":400,"y":1843,"width":320,"height":356.5,"top":1843,"right":720,"bottom":2199.5,"left":400},{"x":420,"y":1843,"width":300,"height":292.5,"top":1843,"right":720,"bottom":2135.5,"left":420},{"x":0,"y":0,"width":0,"height":0,"top":0,"right":0,"bottom":0,"left":0},{"x":420,"y":1843,"width":300,"height":292.5,"top":1843,"right":720,"bottom":2135.5,"left":420},{"x":420,"y":1843,"width":300,"height":292.5,"top":1843,"right":720,"bottom":2135.5,"left":420},{"x":0,"y":0,"width":0,"height":0,"top":0,"right":0,"bottom":0,"left":0},{"x":420,"y":2143.5,"width":270,"height":56,"top":2143.5,"right":690,"bottom":2199.5,"left":420},{"x":420,"y":2143.5,"width":270,"height":24,"top":2143.5,"right":690,"bottom":2167.5,"left":420},{"x":420,"y":2175.5,"width":270,"height":24,"top":2175.5,"right":690,"bottom":2199.5,"left":420}],"y":".block.static.row.nowrap.{.block.relative.row.nowrap.{.block.relative.row.nowrap.{.static.row.nowrap.|.block.absolute.row.nowrap.{.block.static.row.nowrap.}.|.inline.static.row.nowrap.}.|.block.relative.row.nowrap.{.block.static.row.nowrap.|.block.static.row.nowrap.}.}.}","viewport":{"width":800,"height":4032},"bodyRect":{"width":800,"height":600},"markup":"\n        <div class=\"small-card even\" style=\"animation: 0s ease 0s 1 normal none running none; background: none 0% 0% / auto repeat scroll padding-box border-box rgba(0, 0, 0, 0); background-blend-mode: normal; border: 0px none rgb(26, 115, 232); border-radius: 0px; border-collapse: separate; bottom: 0px; box-shadow: none; box-sizing: border-box; break-after: auto; break-before: auto; break-inside: auto; caption-side: top; clear: none; clip: auto; color: rgb(26, 115, 232); content: normal; cursor: pointer; direction: ltr; display: block; empty-cells: show; float: left; font: 400 16px/22.4px Roboto, Arial, Helvetica, sans-serif; font-kerning: auto; height: 356.5px; image-rendering: auto; isolation: auto; place-items: normal; place-self: auto; left: 0px; letter-spacing: normal; list-style: disc outside none; margin: 56px 0px 0px; max-height: none; max-width: none; min-height: 0px; min-width: 0px; mix-blend-mode: normal; object-fit: fill; object-position: 50% 50%; offset: none 0px auto 0deg; opacity: 1; orphans: 2; outline: rgb(26, 115, 232) none 0px; outline-offset: 0px; overflow-anchor: auto; overflow-wrap: break-word; overflow: visible; padding: 0px 0px 0px 20px; pointer-events: auto; position: relative; resize: none; right: 0px; scroll-behavior: auto; speak: normal; table-layout: auto; tab-size: 8; text-align: center; text-align-last: auto; text-decoration: none solid rgb(26, 115, 232); text-decoration-skip-ink: auto; text-underline-position: auto; text-indent: 0px; text-rendering: auto; text-shadow: none; text-size-adjust: 100%; text-overflow: clip; text-transform: none; top: 0px; touch-action: auto; transition: all 0s ease 0s; unicode-bidi: normal; vertical-align: baseline; visibility: visible; white-space: normal; widows: 2; width: 320px; will-change: auto; word-break: normal; word-spacing: 0px; z-index: auto; zoom: 1; -webkit-appearance: none; backface-visibility: visible; border-spacing: 0px; -webkit-border-image: none; -webkit-box-align: stretch; -webkit-box-decoration-break: slice; -webkit-box-direction: normal; -webkit-box-flex: 0; -webkit-box-ordinal-group: 1; -webkit-box-orient: horizontal; -webkit-box-pack: start; columns: auto auto; gap: normal normal; column-rule: 0px none rgb(26, 115, 232); column-span: none; place-content: normal; flex: 0 1 auto; flex-flow: row nowrap; -webkit-font-smoothing: auto; grid-auto-columns: auto; grid-auto-flow: row; grid-auto-rows: auto; grid-area: auto / auto / auto / auto; grid-template-areas: none; grid-template-columns: none; grid-template-rows: none; -webkit-highlight: none; hyphens: manual; -webkit-hyphenate-character: auto; -webkit-line-break: auto; -webkit-locale: &quot;tr&quot;; -webkit-margin-collapse: collapse collapse; -webkit-mask-box-image-source: none; -webkit-mask-box-image-slice: 0 fill; -webkit-mask-box-image-width: auto; -webkit-mask-box-image-outset: 0px; -webkit-mask-box-image-repeat: stretch; -webkit-mask: none 0% 0% / auto repeat border-box border-box; -webkit-mask-composite: source-over; order: 0; perspective: none; perspective-origin: 160px 178.25px; -webkit-print-color-adjust: economy; -webkit-rtl-ordering: logical; shape-outside: none; shape-image-threshold: 0; shape-margin: 0px; -webkit-tap-highlight-color: rgba(0, 0, 0, 0.4); -webkit-text-combine: none; -webkit-text-decorations-in-effect: none; -webkit-text-emphasis: none rgb(26, 115, 232); -webkit-text-emphasis-position: over right; -webkit-text-fill-color: rgb(26, 115, 232); -webkit-text-orientation: vertical-right; -webkit-text-security: none; -webkit-text-stroke: 0px rgb(26, 115, 232); transform: none; transform-origin: 160px 178.25px; transform-style: flat; -webkit-user-drag: auto; -webkit-user-modify: read-only; user-select: auto; -webkit-writing-mode: horizontal-tb; -webkit-app-region: none; buffered-rendering: auto; clip-path: none; clip-rule: nonzero; mask: none; filter: none; flood-color: rgb(0, 0, 0); flood-opacity: 1; lighting-color: rgb(255, 255, 255); stop-color: rgb(0, 0, 0); stop-opacity: 1; color-interpolation: srgb; color-interpolation-filters: linearrgb; color-rendering: auto; fill: rgb(0, 0, 0); fill-opacity: 1; fill-rule: nonzero; marker: none; mask-type: luminance; shape-rendering: auto; stroke: none; stroke-dasharray: none; stroke-dashoffset: 0px; stroke-linecap: butt; stroke-linejoin: miter; stroke-miterlimit: 4; stroke-opacity: 1; stroke-width: 1px; alignment-baseline: auto; baseline-shift: 0px; dominant-baseline: auto; text-anchor: start; writing-mode: horizontal-tb; vector-effect: none; paint-order: normal; d: none; cx: 0px; cy: 0px; x: 0px; y: 0px; r: 0px; rx: auto; ry: auto; caret-color: rgb(26, 115, 232); line-break: auto;\">\n          <div class=\"card-image\" style=\"animation: 0s ease 0s 1 normal none running none; background: none 0% 0% / auto repeat scroll padding-box border-box rgba(0, 0, 0, 0); background-blend-mode: normal; border: 0px none rgb(26, 115, 232); border-radius: 0px; border-collapse: separate; bottom: 0px; box-shadow: none; box-sizing: border-box; break-after: auto; break-before: auto; break-inside: auto; caption-side: top; clear: none; clip: auto; color: rgb(26, 115, 232); content: normal; cursor: pointer; direction: ltr; display: block; empty-cells: show; float: none; font: 400 16px/22.4px Roboto, Arial, Helvetica, sans-serif; font-kerning: auto; height: 292.5px; image-rendering: auto; isolation: auto; place-items: normal; place-self: auto; left: 0px; letter-spacing: normal; list-style: disc outside none; margin: 0px; max-height: none; max-width: none; min-height: 0px; min-width: 0px; mix-blend-mode: normal; object-fit: fill; object-position: 50% 50%; offset: none 0px auto 0deg; opacity: 1; orphans: 2; outline: rgb(26, 115, 232) none 0px; outline-offset: 0px; overflow-anchor: auto; overflow-wrap: break-word; overflow: visible; padding: 0px; pointer-events: auto; position: relative; resize: none; right: 0px; scroll-behavior: auto; speak: normal; table-layout: auto; tab-size: 8; text-align: center; text-align-last: auto; text-decoration: none solid rgb(26, 115, 232); text-decoration-skip-ink: auto; text-underline-position: auto; text-indent: 0px; text-rendering: auto; text-shadow: none; text-size-adjust: 100%; text-overflow: clip; text-transform: none; top: 0px; touch-action: auto; transition: all 0s ease 0s; unicode-bidi: normal; vertical-align: baseline; visibility: visible; white-space: normal; widows: 2; width: 300px; will-change: auto; word-break: normal; word-spacing: 0px; z-index: auto; zoom: 1; -webkit-appearance: none; backface-visibility: visible; border-spacing: 0px; -webkit-border-image: none; -webkit-box-align: stretch; -webkit-box-decoration-break: slice; -webkit-box-direction: normal; -webkit-box-flex: 0; -webkit-box-ordinal-group: 1; -webkit-box-orient: horizontal; -webkit-box-pack: start; columns: auto auto; gap: normal normal; column-rule: 0px none rgb(26, 115, 232); column-span: none; place-content: normal; flex: 0 1 auto; flex-flow: row nowrap; -webkit-font-smoothing: auto; grid-auto-columns: auto; grid-auto-flow: row; grid-auto-rows: auto; grid-area: auto / auto / auto / auto; grid-template-areas: none; grid-template-columns: none; grid-template-rows: none; -webkit-highlight: none; hyphens: manual; -webkit-hyphenate-character: auto; -webkit-line-break: auto; -webkit-locale: &quot;tr&quot;; -webkit-margin-collapse: collapse collapse; -webkit-mask-box-image-source: none; -webkit-mask-box-image-slice: 0 fill; -webkit-mask-box-image-width: auto; -webkit-mask-box-image-outset: 0px; -webkit-mask-box-image-repeat: stretch; -webkit-mask: none 0% 0% / auto repeat border-box border-box; -webkit-mask-composite: source-over; order: 0; perspective: none; perspective-origin: 150px 146.25px; -webkit-print-color-adjust: economy; -webkit-rtl-ordering: logical; shape-outside: none; shape-image-threshold: 0; shape-margin: 0px; -webkit-tap-highlight-color: rgba(0, 0, 0, 0.4); -webkit-text-combine: none; -webkit-text-decorations-in-effect: none; -webkit-text-emphasis: none rgb(26, 115, 232); -webkit-text-emphasis-position: over right; -webkit-text-fill-color: rgb(26, 115, 232); -webkit-text-orientation: vertical-right; -webkit-text-security: none; -webkit-text-stroke: 0px rgb(26, 115, 232); transform: none; transform-origin: 150px 146.25px; transform-style: flat; -webkit-user-drag: auto; -webkit-user-modify: read-only; user-select: auto; -webkit-writing-mode: horizontal-tb; -webkit-app-region: none; buffered-rendering: auto; clip-path: none; clip-rule: nonzero; mask: none; filter: none; flood-color: rgb(0, 0, 0); flood-opacity: 1; lighting-color: rgb(255, 255, 255); stop-color: rgb(0, 0, 0); stop-opacity: 1; color-interpolation: srgb; color-interpolation-filters: linearrgb; color-rendering: auto; fill: rgb(0, 0, 0); fill-opacity: 1; fill-rule: nonzero; marker: none; mask-type: luminance; shape-rendering: auto; stroke: none; stroke-dasharray: none; stroke-dashoffset: 0px; stroke-linecap: butt; stroke-linejoin: miter; stroke-miterlimit: 4; stroke-opacity: 1; stroke-width: 1px; alignment-baseline: auto; baseline-shift: 0px; dominant-baseline: auto; text-anchor: start; writing-mode: horizontal-tb; vector-effect: none; paint-order: normal; d: none; cx: 0px; cy: 0px; x: 0px; y: 0px; r: 0px; rx: auto; ry: auto; caret-color: rgb(26, 115, 232); line-break: auto;\">\n              <style style=\"animation: 0s ease 0s 1 normal none running none; background: none 0% 0% / auto repeat scroll padding-box border-box rgba(0, 0, 0, 0); background-blend-mode: normal; border: 0px none rgb(26, 115, 232); border-radius: 0px; border-collapse: separate; bottom: auto; box-shadow: none; box-sizing: border-box; break-after: auto; break-before: auto; break-inside: auto; caption-side: top; clear: none; clip: auto; color: rgb(26, 115, 232); content: normal; cursor: pointer; direction: ltr; display: none; empty-cells: show; float: none; font: 400 16px/22.4px Roboto, Arial, Helvetica, sans-serif; font-kerning: auto; height: auto; image-rendering: auto; isolation: auto; place-items: normal; place-self: auto; left: auto; letter-spacing: normal; list-style: disc outside none; margin: 0px; max-height: none; max-width: none; min-height: 0px; min-width: 0px; mix-blend-mode: normal; object-fit: fill; object-position: 50% 50%; offset: none 0px auto 0deg; opacity: 1; orphans: 2; outline: rgb(26, 115, 232) none 0px; outline-offset: 0px; overflow-anchor: auto; overflow-wrap: break-word; overflow: visible; padding: 0px; pointer-events: auto; position: static; resize: none; right: auto; scroll-behavior: auto; speak: normal; table-layout: auto; tab-size: 8; text-align: center; text-align-last: auto; text-decoration: none solid rgb(26, 115, 232); text-decoration-skip-ink: auto; text-underline-position: auto; text-indent: 0px; text-rendering: auto; text-shadow: none; text-size-adjust: 100%; text-overflow: clip; text-transform: none; top: auto; touch-action: auto; transition: all 0s ease 0s; unicode-bidi: normal; vertical-align: baseline; visibility: visible; white-space: normal; widows: 2; width: auto; will-change: auto; word-break: normal; word-spacing: 0px; z-index: auto; zoom: 1; -webkit-appearance: none; backface-visibility: visible; border-spacing: 0px; -webkit-border-image: none; -webkit-box-align: stretch; -webkit-box-decoration-break: slice; -webkit-box-direction: normal; -webkit-box-flex: 0; -webkit-box-ordinal-group: 1; -webkit-box-orient: horizontal; -webkit-box-pack: start; columns: auto auto; gap: normal normal; column-rule: 0px none rgb(26, 115, 232); column-span: none; place-content: normal; flex: 0 1 auto; flex-flow: row nowrap; -webkit-font-smoothing: auto; grid-auto-columns: auto; grid-auto-flow: row; grid-auto-rows: auto; grid-area: auto / auto / auto / auto; grid-template-areas: none; grid-template-columns: none; grid-template-rows: none; -webkit-highlight: none; hyphens: manual; -webkit-hyphenate-character: auto; -webkit-line-break: auto; -webkit-locale: &quot;tr&quot;; -webkit-margin-collapse: collapse collapse; -webkit-mask-box-image-source: none; -webkit-mask-box-image-slice: 0 fill; -webkit-mask-box-image-width: auto; -webkit-mask-box-image-outset: 0px; -webkit-mask-box-image-repeat: stretch; -webkit-mask: none 0% 0% / auto repeat border-box border-box; -webkit-mask-composite: source-over; order: 0; perspective: none; perspective-origin: 50% 50%; -webkit-print-color-adjust: economy; -webkit-rtl-ordering: logical; shape-outside: none; shape-image-threshold: 0; shape-margin: 0px; -webkit-tap-highlight-color: rgba(0, 0, 0, 0.4); -webkit-text-combine: none; -webkit-text-decorations-in-effect: none; -webkit-text-emphasis: none rgb(26, 115, 232); -webkit-text-emphasis-position: over right; -webkit-text-fill-color: rgb(26, 115, 232); -webkit-text-orientation: vertical-right; -webkit-text-security: none; -webkit-text-stroke: 0px rgb(26, 115, 232); transform: none; transform-origin: 50% 50%; transform-style: flat; -webkit-user-drag: auto; -webkit-user-modify: read-only; user-select: auto; -webkit-writing-mode: horizontal-tb; -webkit-app-region: none; buffered-rendering: auto; clip-path: none; clip-rule: nonzero; mask: none; filter: none; flood-color: rgb(0, 0, 0); flood-opacity: 1; lighting-color: rgb(255, 255, 255); stop-color: rgb(0, 0, 0); stop-opacity: 1; color-interpolation: srgb; color-interpolation-filters: linearrgb; color-rendering: auto; fill: rgb(0, 0, 0); fill-opacity: 1; fill-rule: nonzero; marker: none; mask-type: luminance; shape-rendering: auto; stroke: none; stroke-dasharray: none; stroke-dashoffset: 0px; stroke-linecap: butt; stroke-linejoin: miter; stroke-miterlimit: 4; stroke-opacity: 1; stroke-width: 1px; alignment-baseline: auto; baseline-shift: 0px; dominant-baseline: auto; text-anchor: start; writing-mode: horizontal-tb; vector-effect: none; paint-order: normal; d: none; cx: 0px; cy: 0px; x: 0px; y: 0px; r: 0px; rx: auto; ry: auto; caret-color: rgb(26, 115, 232); line-break: auto;\">\n\n\n\n\n\n      @media screen  {\n.main-visible .hero-single-bec02a9 {\n          background-image: url(https://lh3.googleusercontent.com/V-kIlZqqICN3uzpQevNCmXY_lo0zz3aHUWKajzNgAqIe0fXkoBUOklgE9SZGjzEOn1zUqhbOZdMBzBd-XiCqAbMgal2YYoqiF7utTw=w600-h350-l80-sg-rj-c0xffffff);\n        }\n      }\n\n        @media screen  and (min-resolution: 192dpi) {\n.main-visible .hero-single-bec02a9 {\n            background-image: url(https://lh3.googleusercontent.com/V-kIlZqqICN3uzpQevNCmXY_lo0zz3aHUWKajzNgAqIe0fXkoBUOklgE9SZGjzEOn1zUqhbOZdMBzBd-XiCqAbMgal2YYoqiF7utTw=w1200-h700-l80-sg-rj-c0xffffff);\n          }\n        }\n\n\n\n\n\n\n      @media screen and (min-width: 600px) {\n.main-visible .hero-single-bec02a9 {\n          background-image: url(https://lh3.googleusercontent.com/V-kIlZqqICN3uzpQevNCmXY_lo0zz3aHUWKajzNgAqIe0fXkoBUOklgE9SZGjzEOn1zUqhbOZdMBzBd-XiCqAbMgal2YYoqiF7utTw=w1080-h378-l80-sg-rj-c0xffffff);\n        }\n      }\n\n        @media screen and (min-width: 600px) and (min-resolution: 192dpi) {\n.main-visible .hero-single-bec02a9 {\n            background-image: url(https://lh3.googleusercontent.com/V-kIlZqqICN3uzpQevNCmXY_lo0zz3aHUWKajzNgAqIe0fXkoBUOklgE9SZGjzEOn1zUqhbOZdMBzBd-XiCqAbMgal2YYoqiF7utTw=w2160-h756-l80-sg-rj-c0xffffff);\n          }\n        }\n\n\n\n\n\n\n      @media screen and (min-width: 1024px) {\n.main-visible .hero-single-bec02a9 {\n          background-image: url(https://lh3.googleusercontent.com/V-kIlZqqICN3uzpQevNCmXY_lo0zz3aHUWKajzNgAqIe0fXkoBUOklgE9SZGjzEOn1zUqhbOZdMBzBd-XiCqAbMgal2YYoqiF7utTw=w1440-l80-sg-rj-c0xffffff);\n        }\n      }\n\n        @media screen and (min-width: 1024px) and (min-resolution: 192dpi) {\n.main-visible .hero-single-bec02a9 {\n            background-image: url(https://lh3.googleusercontent.com/V-kIlZqqICN3uzpQevNCmXY_lo0zz3aHUWKajzNgAqIe0fXkoBUOklgE9SZGjzEOn1zUqhbOZdMBzBd-XiCqAbMgal2YYoqiF7utTw=w2880-l80-sg-rj-c0xffffff);\n          }\n        }\n\n  </style>\n            <div class=\"homepage-card-image\n                image-placeholder js-only\n                hero-single-bec02a9\" style=\"background: none 50% 50% / cover no-repeat scroll padding-box border-box rgb(248, 249, 250); animation: 0s ease 0s 1 normal none running none; background-blend-mode: normal; border: 0px none rgb(26, 115, 232); border-radius: 4px; border-collapse: separate; bottom: 0px; box-shadow: none; box-sizing: border-box; break-after: auto; break-before: auto; break-inside: auto; caption-side: top; clear: none; clip: auto; color: rgb(26, 115, 232); content: normal; cursor: pointer; direction: ltr; display: block; empty-cells: show; float: none; font: 400 16px/22.4px Roboto, Arial, Helvetica, sans-serif; font-kerning: auto; height: 292.5px; image-rendering: auto; isolation: auto; place-items: normal; place-self: auto; left: 0px; letter-spacing: normal; list-style: disc outside none; margin: 0px; max-height: none; max-width: none; min-height: 0px; min-width: 0px; mix-blend-mode: normal; object-fit: fill; object-position: 50% 50%; offset: none 0px auto 0deg; opacity: 1; orphans: 2; outline: rgb(26, 115, 232) none 0px; outline-offset: 0px; overflow-anchor: auto; overflow-wrap: break-word; overflow: visible; padding: 0px; pointer-events: auto; position: absolute; resize: none; right: 0px; scroll-behavior: auto; speak: normal; table-layout: auto; tab-size: 8; text-align: center; text-align-last: auto; text-decoration: none solid rgb(26, 115, 232); text-decoration-skip-ink: auto; text-underline-position: auto; text-indent: 0px; text-rendering: auto; text-shadow: none; text-size-adjust: 100%; text-overflow: clip; text-transform: none; top: 0px; touch-action: auto; transition: all 0s ease 0s; unicode-bidi: normal; vertical-align: baseline; visibility: visible; white-space: normal; widows: 2; width: 300px; will-change: auto; word-break: normal; word-spacing: 0px; z-index: auto; zoom: 1; -webkit-appearance: none; backface-visibility: visible; border-spacing: 0px; -webkit-border-image: none; -webkit-box-align: stretch; -webkit-box-decoration-break: slice; -webkit-box-direction: normal; -webkit-box-flex: 0; -webkit-box-ordinal-group: 1; -webkit-box-orient: horizontal; -webkit-box-pack: start; columns: auto auto; gap: normal normal; column-rule: 0px none rgb(26, 115, 232); column-span: none; place-content: normal; flex: 0 1 auto; flex-flow: row nowrap; -webkit-font-smoothing: auto; grid-auto-columns: auto; grid-auto-flow: row; grid-auto-rows: auto; grid-area: auto / auto / auto / auto; grid-template-areas: none; grid-template-columns: none; grid-template-rows: none; -webkit-highlight: none; hyphens: manual; -webkit-hyphenate-character: auto; -webkit-line-break: auto; -webkit-locale: &quot;tr&quot;; -webkit-margin-collapse: collapse collapse; -webkit-mask-box-image-source: none; -webkit-mask-box-image-slice: 0 fill; -webkit-mask-box-image-width: auto; -webkit-mask-box-image-outset: 0px; -webkit-mask-box-image-repeat: stretch; -webkit-mask: none 0% 0% / auto repeat border-box border-box; -webkit-mask-composite: source-over; order: 0; perspective: none; perspective-origin: 150px 146.25px; -webkit-print-color-adjust: economy; -webkit-rtl-ordering: logical; shape-outside: none; shape-image-threshold: 0; shape-margin: 0px; -webkit-tap-highlight-color: rgba(0, 0, 0, 0.4); -webkit-text-combine: none; -webkit-text-decorations-in-effect: none; -webkit-text-emphasis: none rgb(26, 115, 232); -webkit-text-emphasis-position: over right; -webkit-text-fill-color: rgb(26, 115, 232); -webkit-text-orientation: vertical-right; -webkit-text-security: none; -webkit-text-stroke: 0px rgb(26, 115, 232); transform: none; transform-origin: 150px 146.25px; transform-style: flat; -webkit-user-drag: auto; -webkit-user-modify: read-only; user-select: auto; -webkit-writing-mode: horizontal-tb; -webkit-app-region: none; buffered-rendering: auto; clip-path: none; clip-rule: nonzero; mask: none; filter: none; flood-color: rgb(0, 0, 0); flood-opacity: 1; lighting-color: rgb(255, 255, 255); stop-color: rgb(0, 0, 0); stop-opacity: 1; color-interpolation: srgb; color-interpolation-filters: linearrgb; color-rendering: auto; fill: rgb(0, 0, 0); fill-opacity: 1; fill-rule: nonzero; marker: none; mask-type: luminance; shape-rendering: auto; stroke: none; stroke-dasharray: none; stroke-dashoffset: 0px; stroke-linecap: butt; stroke-linejoin: miter; stroke-miterlimit: 4; stroke-opacity: 1; stroke-width: 1px; alignment-baseline: auto; baseline-shift: 0px; dominant-baseline: auto; text-anchor: start; writing-mode: horizontal-tb; vector-effect: none; paint-order: normal; d: none; cx: 0px; cy: 0px; x: 0px; y: 0px; r: 0px; rx: auto; ry: auto; caret-color: rgb(26, 115, 232); line-break: auto;\">\n              <div class=\"gradient-overlay\" style=\"animation: 0s ease 0s 1 normal none running none; background: none 0px 0px / auto repeat scroll padding-box border-box rgba(0, 0, 0, 0); background-blend-mode: normal; border: 0px none rgb(26, 115, 232); border-radius: 4px; border-collapse: separate; bottom: auto; box-shadow: none; box-sizing: border-box; break-after: auto; break-before: auto; break-inside: auto; caption-side: top; clear: none; clip: auto; color: rgb(26, 115, 232); content: normal; cursor: pointer; direction: ltr; display: block; empty-cells: show; float: none; font: 400 16px/22.4px Roboto, Arial, Helvetica, sans-serif; font-kerning: auto; height: 292.5px; image-rendering: auto; isolation: auto; place-items: normal; place-self: auto; left: auto; letter-spacing: normal; list-style: disc outside none; margin: 0px; max-height: none; max-width: none; min-height: 0px; min-width: 0px; mix-blend-mode: normal; object-fit: fill; object-position: 50% 50%; offset: none 0px auto 0deg; opacity: 1; orphans: 2; outline: rgb(26, 115, 232) none 0px; outline-offset: 0px; overflow-anchor: auto; overflow-wrap: break-word; overflow: visible; padding: 0px; pointer-events: auto; position: static; resize: none; right: auto; scroll-behavior: auto; speak: normal; table-layout: auto; tab-size: 8; text-align: center; text-align-last: auto; text-decoration: none solid rgb(26, 115, 232); text-decoration-skip-ink: auto; text-underline-position: auto; text-indent: 0px; text-rendering: auto; text-shadow: none; text-size-adjust: 100%; text-overflow: clip; text-transform: none; top: auto; touch-action: auto; transition: all 0s ease 0s; unicode-bidi: normal; vertical-align: baseline; visibility: visible; white-space: normal; widows: 2; width: 300px; will-change: auto; word-break: normal; word-spacing: 0px; z-index: auto; zoom: 1; -webkit-appearance: none; backface-visibility: visible; border-spacing: 0px; -webkit-border-image: none; -webkit-box-align: stretch; -webkit-box-decoration-break: slice; -webkit-box-direction: normal; -webkit-box-flex: 0; -webkit-box-ordinal-group: 1; -webkit-box-orient: horizontal; -webkit-box-pack: start; columns: auto auto; gap: normal normal; column-rule: 0px none rgb(26, 115, 232); column-span: none; place-content: normal; flex: 0 1 auto; flex-flow: row nowrap; -webkit-font-smoothing: auto; grid-auto-columns: auto; grid-auto-flow: row; grid-auto-rows: auto; grid-area: auto / auto / auto / auto; grid-template-areas: none; grid-template-columns: none; grid-template-rows: none; -webkit-highlight: none; hyphens: manual; -webkit-hyphenate-character: auto; -webkit-line-break: auto; -webkit-locale: &quot;tr&quot;; -webkit-margin-collapse: collapse collapse; -webkit-mask-box-image-source: none; -webkit-mask-box-image-slice: 0 fill; -webkit-mask-box-image-width: auto; -webkit-mask-box-image-outset: 0px; -webkit-mask-box-image-repeat: stretch; -webkit-mask: none 0% 0% / auto repeat border-box border-box; -webkit-mask-composite: source-over; order: 0; perspective: none; perspective-origin: 150px 146.25px; -webkit-print-color-adjust: economy; -webkit-rtl-ordering: logical; shape-outside: none; shape-image-threshold: 0; shape-margin: 0px; -webkit-tap-highlight-color: rgba(0, 0, 0, 0.4); -webkit-text-combine: none; -webkit-text-decorations-in-effect: none; -webkit-text-emphasis: none rgb(26, 115, 232); -webkit-text-emphasis-position: over right; -webkit-text-fill-color: rgb(26, 115, 232); -webkit-text-orientation: vertical-right; -webkit-text-security: none; -webkit-text-stroke: 0px rgb(26, 115, 232); transform: none; transform-origin: 150px 146.25px; transform-style: flat; -webkit-user-drag: auto; -webkit-user-modify: read-only; user-select: auto; -webkit-writing-mode: horizontal-tb; -webkit-app-region: none; buffered-rendering: auto; clip-path: none; clip-rule: nonzero; mask: none; filter: none; flood-color: rgb(0, 0, 0); flood-opacity: 1; lighting-color: rgb(255, 255, 255); stop-color: rgb(0, 0, 0); stop-opacity: 1; color-interpolation: srgb; color-interpolation-filters: linearrgb; color-rendering: auto; fill: rgb(0, 0, 0); fill-opacity: 1; fill-rule: nonzero; marker: none; mask-type: luminance; shape-rendering: auto; stroke: none; stroke-dasharray: none; stroke-dashoffset: 0px; stroke-linecap: butt; stroke-linejoin: miter; stroke-miterlimit: 4; stroke-opacity: 1; stroke-width: 1px; alignment-baseline: auto; baseline-shift: 0px; dominant-baseline: auto; text-anchor: start; writing-mode: horizontal-tb; vector-effect: none; paint-order: normal; d: none; cx: 0px; cy: 0px; x: 0px; y: 0px; r: 0px; rx: auto; ry: auto; caret-color: rgb(26, 115, 232); line-break: auto;\"></div>\n            </div>\n            <noscript style=\"animation: 0s ease 0s 1 normal none running none; background: none 0% 0% / auto repeat scroll padding-box border-box rgba(0, 0, 0, 0); background-blend-mode: normal; border: 0px none rgb(26, 115, 232); border-radius: 0px; border-collapse: separate; bottom: auto; box-shadow: none; box-sizing: border-box; break-after: auto; break-before: auto; break-inside: auto; caption-side: top; clear: none; clip: auto; color: rgb(26, 115, 232); content: normal; cursor: pointer; direction: ltr; display: inline; empty-cells: show; float: none; font: 400 16px/22.4px Roboto, Arial, Helvetica, sans-serif; font-kerning: auto; height: auto; image-rendering: auto; isolation: auto; place-items: normal; place-self: auto; left: auto; letter-spacing: normal; list-style: disc outside none; margin: 0px; max-height: none; max-width: none; min-height: 0px; min-width: 0px; mix-blend-mode: normal; object-fit: fill; object-position: 50% 50%; offset: none 0px auto 0deg; opacity: 1; orphans: 2; outline: rgb(26, 115, 232) none 0px; outline-offset: 0px; overflow-anchor: auto; overflow-wrap: break-word; overflow: visible; padding: 0px; pointer-events: auto; position: static; resize: none; right: auto; scroll-behavior: auto; speak: normal; table-layout: auto; tab-size: 8; text-align: center; text-align-last: auto; text-decoration: none solid rgb(26, 115, 232); text-decoration-skip-ink: auto; text-underline-position: auto; text-indent: 0px; text-rendering: auto; text-shadow: none; text-size-adjust: 100%; text-overflow: clip; text-transform: none; top: auto; touch-action: auto; transition: all 0s ease 0s; unicode-bidi: normal; vertical-align: baseline; visibility: visible; white-space: normal; widows: 2; width: auto; will-change: auto; word-break: normal; word-spacing: 0px; z-index: auto; zoom: 1; -webkit-appearance: none; backface-visibility: visible; border-spacing: 0px; -webkit-border-image: none; -webkit-box-align: stretch; -webkit-box-decoration-break: slice; -webkit-box-direction: normal; -webkit-box-flex: 0; -webkit-box-ordinal-group: 1; -webkit-box-orient: horizontal; -webkit-box-pack: start; columns: auto auto; gap: normal normal; column-rule: 0px none rgb(26, 115, 232); column-span: none; place-content: normal; flex: 0 1 auto; flex-flow: row nowrap; -webkit-font-smoothing: auto; grid-auto-columns: auto; grid-auto-flow: row; grid-auto-rows: auto; grid-area: auto / auto / auto / auto; grid-template-areas: none; grid-template-columns: none; grid-template-rows: none; -webkit-highlight: none; hyphens: manual; -webkit-hyphenate-character: auto; -webkit-line-break: auto; -webkit-locale: &quot;tr&quot;; -webkit-margin-collapse: collapse collapse; -webkit-mask-box-image-source: none; -webkit-mask-box-image-slice: 0 fill; -webkit-mask-box-image-width: auto; -webkit-mask-box-image-outset: 0px; -webkit-mask-box-image-repeat: stretch; -webkit-mask: none 0% 0% / auto repeat border-box border-box; -webkit-mask-composite: source-over; order: 0; perspective: none; perspective-origin: 50% 50%; -webkit-print-color-adjust: economy; -webkit-rtl-ordering: logical; shape-outside: none; shape-image-threshold: 0; shape-margin: 0px; -webkit-tap-highlight-color: rgba(0, 0, 0, 0.4); -webkit-text-combine: none; -webkit-text-decorations-in-effect: none; -webkit-text-emphasis: none rgb(26, 115, 232); -webkit-text-emphasis-position: over right; -webkit-text-fill-color: rgb(26, 115, 232); -webkit-text-orientation: vertical-right; -webkit-text-security: none; -webkit-text-stroke: 0px rgb(26, 115, 232); transform: none; transform-origin: 50% 50%; transform-style: flat; -webkit-user-drag: auto; -webkit-user-modify: read-only; user-select: auto; -webkit-writing-mode: horizontal-tb; -webkit-app-region: none; buffered-rendering: auto; clip-path: none; clip-rule: nonzero; mask: none; filter: none; flood-color: rgb(0, 0, 0); flood-opacity: 1; lighting-color: rgb(255, 255, 255); stop-color: rgb(0, 0, 0); stop-opacity: 1; color-interpolation: srgb; color-interpolation-filters: linearrgb; color-rendering: auto; fill: rgb(0, 0, 0); fill-opacity: 1; fill-rule: nonzero; marker: none; mask-type: luminance; shape-rendering: auto; stroke: none; stroke-dasharray: none; stroke-dashoffset: 0px; stroke-linecap: butt; stroke-linejoin: miter; stroke-miterlimit: 4; stroke-opacity: 1; stroke-width: 1px; alignment-baseline: auto; baseline-shift: 0px; dominant-baseline: auto; text-anchor: start; writing-mode: horizontal-tb; vector-effect: none; paint-order: normal; d: none; cx: 0px; cy: 0px; x: 0px; y: 0px; r: 0px; rx: auto; ry: auto; caret-color: rgb(26, 115, 232); line-break: auto;\">\n              <div class=\"homepage-card-image hero-single-bec02a9\"\n                  style=\"background-position:center center\"></div>\n            </noscript>\n          </div>\n          <div class=\"card-text\" style=\"animation: 0s ease 0s 1 normal none running none; background: none 0% 0% / auto repeat scroll padding-box border-box rgba(0, 0, 0, 0); background-blend-mode: normal; border: 0px none rgb(26, 115, 232); border-radius: 0px; border-collapse: separate; bottom: 0px; box-shadow: none; box-sizing: border-box; break-after: auto; break-before: auto; break-inside: auto; caption-side: top; clear: none; clip: auto; color: rgb(26, 115, 232); content: normal; cursor: pointer; direction: ltr; display: block; empty-cells: show; float: none; font: 400 16px/22.4px Roboto, Arial, Helvetica, sans-serif; font-kerning: auto; height: 56px; image-rendering: auto; isolation: auto; place-items: normal; place-self: auto; left: 0px; letter-spacing: normal; list-style: disc outside none; margin: 0px 30px 0px 0px; max-height: none; max-width: 450px; min-height: 0px; min-width: 0px; mix-blend-mode: normal; object-fit: fill; object-position: 50% 50%; offset: none 0px auto 0deg; opacity: 1; orphans: 2; outline: rgb(26, 115, 232) none 0px; outline-offset: 0px; overflow-anchor: auto; overflow-wrap: break-word; overflow: visible; padding: 0px; pointer-events: none; position: relative; resize: none; right: 0px; scroll-behavior: auto; speak: normal; table-layout: auto; tab-size: 8; text-align: left; text-align-last: auto; text-decoration: none solid rgb(26, 115, 232); text-decoration-skip-ink: auto; text-underline-position: auto; text-indent: 0px; text-rendering: auto; text-shadow: none; text-size-adjust: 100%; text-overflow: clip; text-transform: none; top: 0px; touch-action: auto; transition: all 0s ease 0s; unicode-bidi: normal; vertical-align: baseline; visibility: visible; white-space: normal; widows: 2; width: 270px; will-change: auto; word-break: normal; word-spacing: 0px; z-index: 9; zoom: 1; -webkit-appearance: none; backface-visibility: visible; border-spacing: 0px; -webkit-border-image: none; -webkit-box-align: stretch; -webkit-box-decoration-break: slice; -webkit-box-direction: normal; -webkit-box-flex: 0; -webkit-box-ordinal-group: 1; -webkit-box-orient: horizontal; -webkit-box-pack: start; columns: auto auto; gap: normal normal; column-rule: 0px none rgb(26, 115, 232); column-span: none; place-content: normal; flex: 0 1 auto; flex-flow: row nowrap; -webkit-font-smoothing: auto; grid-auto-columns: auto; grid-auto-flow: row; grid-auto-rows: auto; grid-area: auto / auto / auto / auto; grid-template-areas: none; grid-template-columns: none; grid-template-rows: none; -webkit-highlight: none; hyphens: manual; -webkit-hyphenate-character: auto; -webkit-line-break: auto; -webkit-locale: &quot;tr&quot;; -webkit-margin-collapse: collapse collapse; -webkit-mask-box-image-source: none; -webkit-mask-box-image-slice: 0 fill; -webkit-mask-box-image-width: auto; -webkit-mask-box-image-outset: 0px; -webkit-mask-box-image-repeat: stretch; -webkit-mask: none 0% 0% / auto repeat border-box border-box; -webkit-mask-composite: source-over; order: 0; perspective: none; perspective-origin: 135px 28px; -webkit-print-color-adjust: economy; -webkit-rtl-ordering: logical; shape-outside: none; shape-image-threshold: 0; shape-margin: 0px; -webkit-tap-highlight-color: rgba(0, 0, 0, 0.4); -webkit-text-combine: none; -webkit-text-decorations-in-effect: none; -webkit-text-emphasis: none rgb(26, 115, 232); -webkit-text-emphasis-position: over right; -webkit-text-fill-color: rgb(26, 115, 232); -webkit-text-orientation: vertical-right; -webkit-text-security: none; -webkit-text-stroke: 0px rgb(26, 115, 232); transform: none; transform-origin: 135px 28px; transform-style: flat; -webkit-user-drag: auto; -webkit-user-modify: read-only; user-select: auto; -webkit-writing-mode: horizontal-tb; -webkit-app-region: none; buffered-rendering: auto; clip-path: none; clip-rule: nonzero; mask: none; filter: none; flood-color: rgb(0, 0, 0); flood-opacity: 1; lighting-color: rgb(255, 255, 255); stop-color: rgb(0, 0, 0); stop-opacity: 1; color-interpolation: srgb; color-interpolation-filters: linearrgb; color-rendering: auto; fill: rgb(0, 0, 0); fill-opacity: 1; fill-rule: nonzero; marker: none; mask-type: luminance; shape-rendering: auto; stroke: none; stroke-dasharray: none; stroke-dashoffset: 0px; stroke-linecap: butt; stroke-linejoin: miter; stroke-miterlimit: 4; stroke-opacity: 1; stroke-width: 1px; alignment-baseline: auto; baseline-shift: 0px; dominant-baseline: auto; text-anchor: start; writing-mode: horizontal-tb; vector-effect: none; paint-order: normal; d: none; cx: 0px; cy: 0px; x: 0px; y: 0px; r: 0px; rx: auto; ry: auto; caret-color: rgb(26, 115, 232); line-break: auto;\">\n            <h4 style=\"animation: 0s ease 0s 1 normal none running none; background: none 0% 0% / auto repeat scroll padding-box border-box rgba(0, 0, 0, 0); background-blend-mode: normal; border: 0px none rgb(65, 65, 65); border-radius: 0px; border-collapse: separate; bottom: auto; box-shadow: none; box-sizing: border-box; break-after: auto; break-before: auto; break-inside: auto; caption-side: top; clear: none; clip: auto; color: rgb(65, 65, 65); content: normal; cursor: pointer; direction: ltr; display: block; empty-cells: show; float: none; font: 400 18px/24px &quot;Google Sans&quot;, Arial, Helvetica, sans-serif; font-kerning: auto; height: 24px; image-rendering: auto; isolation: auto; place-items: normal; place-self: auto; left: auto; letter-spacing: normal; list-style: disc outside none; margin: 8px 0px; max-height: none; max-width: none; min-height: 0px; min-width: 0px; mix-blend-mode: normal; object-fit: fill; object-position: 50% 50%; offset: none 0px auto 0deg; opacity: 1; orphans: 2; outline: rgb(65, 65, 65) none 0px; outline-offset: 0px; overflow-anchor: auto; overflow-wrap: break-word; overflow: visible; padding: 0px; pointer-events: none; position: static; resize: none; right: auto; scroll-behavior: auto; speak: normal; table-layout: auto; tab-size: 8; text-align: left; text-align-last: auto; text-decoration: none solid rgb(65, 65, 65); text-decoration-skip-ink: auto; text-underline-position: auto; text-indent: 0px; text-rendering: optimizelegibility; text-shadow: none; text-size-adjust: 100%; text-overflow: clip; text-transform: none; top: auto; touch-action: auto; transition: all 0s ease 0s; unicode-bidi: normal; vertical-align: baseline; visibility: visible; white-space: normal; widows: 2; width: 270px; will-change: auto; word-break: normal; word-spacing: 0px; z-index: auto; zoom: 1; -webkit-appearance: none; backface-visibility: visible; border-spacing: 0px; -webkit-border-image: none; -webkit-box-align: stretch; -webkit-box-decoration-break: slice; -webkit-box-direction: normal; -webkit-box-flex: 0; -webkit-box-ordinal-group: 1; -webkit-box-orient: horizontal; -webkit-box-pack: start; columns: auto auto; gap: normal normal; column-rule: 0px none rgb(65, 65, 65); column-span: none; place-content: normal; flex: 0 1 auto; flex-flow: row nowrap; -webkit-font-smoothing: antialiased; grid-auto-columns: auto; grid-auto-flow: row; grid-auto-rows: auto; grid-area: auto / auto / auto / auto; grid-template-areas: none; grid-template-columns: none; grid-template-rows: none; -webkit-highlight: none; hyphens: manual; -webkit-hyphenate-character: auto; -webkit-line-break: auto; -webkit-locale: &quot;tr&quot;; -webkit-margin-collapse: collapse collapse; -webkit-mask-box-image-source: none; -webkit-mask-box-image-slice: 0 fill; -webkit-mask-box-image-width: auto; -webkit-mask-box-image-outset: 0px; -webkit-mask-box-image-repeat: stretch; -webkit-mask: none 0% 0% / auto repeat border-box border-box; -webkit-mask-composite: source-over; order: 0; perspective: none; perspective-origin: 135px 12px; -webkit-print-color-adjust: economy; -webkit-rtl-ordering: logical; shape-outside: none; shape-image-threshold: 0; shape-margin: 0px; -webkit-tap-highlight-color: rgba(0, 0, 0, 0.4); -webkit-text-combine: none; -webkit-text-decorations-in-effect: none; -webkit-text-emphasis: none rgb(65, 65, 65); -webkit-text-emphasis-position: over right; -webkit-text-fill-color: rgb(65, 65, 65); -webkit-text-orientation: vertical-right; -webkit-text-security: none; -webkit-text-stroke: 0px rgb(65, 65, 65); transform: none; transform-origin: 135px 12px; transform-style: flat; -webkit-user-drag: auto; -webkit-user-modify: read-only; user-select: auto; -webkit-writing-mode: horizontal-tb; -webkit-app-region: none; buffered-rendering: auto; clip-path: none; clip-rule: nonzero; mask: none; filter: none; flood-color: rgb(0, 0, 0); flood-opacity: 1; lighting-color: rgb(255, 255, 255); stop-color: rgb(0, 0, 0); stop-opacity: 1; color-interpolation: srgb; color-interpolation-filters: linearrgb; color-rendering: auto; fill: rgb(0, 0, 0); fill-opacity: 1; fill-rule: nonzero; marker: none; mask-type: luminance; shape-rendering: auto; stroke: none; stroke-dasharray: none; stroke-dashoffset: 0px; stroke-linecap: butt; stroke-linejoin: miter; stroke-miterlimit: 4; stroke-opacity: 1; stroke-width: 1px; alignment-baseline: auto; baseline-shift: 0px; dominant-baseline: auto; text-anchor: start; writing-mode: horizontal-tb; vector-effect: none; paint-order: normal; d: none; cx: 0px; cy: 0px; x: 0px; y: 0px; r: 0px; rx: auto; ry: auto; caret-color: rgb(65, 65, 65); line-break: auto;\">Google konumları</h4>\n            <p class=\"card-cta\" style=\"animation: 0s ease 0s 1 normal none running none; background: none 0% 0% / auto repeat scroll padding-box border-box rgba(0, 0, 0, 0); background-blend-mode: normal; border: 0px none rgb(26, 115, 232); border-radius: 0px; border-collapse: separate; bottom: auto; box-shadow: none; box-sizing: border-box; break-after: auto; break-before: auto; break-inside: auto; caption-side: top; clear: none; clip: auto; color: rgb(26, 115, 232); content: normal; cursor: pointer; direction: ltr; display: block; empty-cells: show; float: none; font: 500 14px/24px &quot;Google Sans&quot;, Arial, Helvetica, sans-serif; font-kerning: auto; height: 24px; image-rendering: auto; isolation: auto; place-items: normal; place-self: auto; left: auto; letter-spacing: 0.5px; list-style: disc outside none; margin: 0px; max-height: none; max-width: none; min-height: 0px; min-width: 0px; mix-blend-mode: normal; object-fit: fill; object-position: 50% 50%; offset: none 0px auto 0deg; opacity: 1; orphans: 2; outline: rgb(26, 115, 232) none 0px; outline-offset: 0px; overflow-anchor: auto; overflow-wrap: break-word; overflow: visible; padding: 0px; pointer-events: none; position: static; resize: none; right: auto; scroll-behavior: auto; speak: normal; table-layout: auto; tab-size: 8; text-align: left; text-align-last: auto; text-decoration: none solid rgb(26, 115, 232); text-decoration-skip-ink: auto; text-underline-position: auto; text-indent: 0px; text-rendering: optimizelegibility; text-shadow: none; text-size-adjust: 100%; text-overflow: clip; text-transform: none; top: auto; touch-action: auto; transition: all 0s ease 0s; unicode-bidi: normal; vertical-align: baseline; visibility: visible; white-space: normal; widows: 2; width: 270px; will-change: auto; word-break: normal; word-spacing: 0px; z-index: auto; zoom: 1; -webkit-appearance: none; backface-visibility: visible; border-spacing: 0px; -webkit-border-image: none; -webkit-box-align: stretch; -webkit-box-decoration-break: slice; -webkit-box-direction: normal; -webkit-box-flex: 0; -webkit-box-ordinal-group: 1; -webkit-box-orient: horizontal; -webkit-box-pack: start; columns: auto auto; gap: normal normal; column-rule: 0px none rgb(26, 115, 232); column-span: none; place-content: normal; flex: 0 1 auto; flex-flow: row nowrap; -webkit-font-smoothing: antialiased; grid-auto-columns: auto; grid-auto-flow: row; grid-auto-rows: auto; grid-area: auto / auto / auto / auto; grid-template-areas: none; grid-template-columns: none; grid-template-rows: none; -webkit-highlight: none; hyphens: manual; -webkit-hyphenate-character: auto; -webkit-line-break: auto; -webkit-locale: &quot;tr&quot;; -webkit-margin-collapse: collapse collapse; -webkit-mask-box-image-source: none; -webkit-mask-box-image-slice: 0 fill; -webkit-mask-box-image-width: auto; -webkit-mask-box-image-outset: 0px; -webkit-mask-box-image-repeat: stretch; -webkit-mask: none 0% 0% / auto repeat border-box border-box; -webkit-mask-composite: source-over; order: 0; perspective: none; perspective-origin: 135px 12px; -webkit-print-color-adjust: economy; -webkit-rtl-ordering: logical; shape-outside: none; shape-image-threshold: 0; shape-margin: 0px; -webkit-tap-highlight-color: rgba(0, 0, 0, 0.4); -webkit-text-combine: none; -webkit-text-decorations-in-effect: none; -webkit-text-emphasis: none rgb(26, 115, 232); -webkit-text-emphasis-position: over right; -webkit-text-fill-color: rgb(26, 115, 232); -webkit-text-orientation: vertical-right; -webkit-text-security: none; -webkit-text-stroke: 0px rgb(26, 115, 232); transform: none; transform-origin: 135px 12px; transform-style: flat; -webkit-user-drag: auto; -webkit-user-modify: read-only; user-select: auto; -webkit-writing-mode: horizontal-tb; -webkit-app-region: none; buffered-rendering: auto; clip-path: none; clip-rule: nonzero; mask: none; filter: none; flood-color: rgb(0, 0, 0); flood-opacity: 1; lighting-color: rgb(255, 255, 255); stop-color: rgb(0, 0, 0); stop-opacity: 1; color-interpolation: srgb; color-interpolation-filters: linearrgb; color-rendering: auto; fill: rgb(0, 0, 0); fill-opacity: 1; fill-rule: nonzero; marker: none; mask-type: luminance; shape-rendering: auto; stroke: none; stroke-dasharray: none; stroke-dashoffset: 0px; stroke-linecap: butt; stroke-linejoin: miter; stroke-miterlimit: 4; stroke-opacity: 1; stroke-width: 1px; alignment-baseline: auto; baseline-shift: 0px; dominant-baseline: auto; text-anchor: start; writing-mode: horizontal-tb; vector-effect: none; paint-order: normal; d: none; cx: 0px; cy: 0px; x: 0px; y: 0px; r: 0px; rx: auto; ry: auto; caret-color: rgb(26, 115, 232); line-break: auto;\">Bize ulaşın</p>\n          </div>\n        </div>\n      "}