{"x":[{"x":282.671875,"y":566,"width":234.671875,"height":234.671875,"top":566,"right":517.34375,"bottom":800.671875,"left":282.671875},{"x":282.671875,"y":566,"width":234.671875,"height":234.671875,"top":566,"right":517.34375,"bottom":800.671875,"left":282.671875}],"y":".block.static.row.nowrap.{.block.absolute.row.nowrap.}","viewport":{"width":800,"height":600},"bodyRect":{"width":800,"height":600},"markup":"<img alt=\"No photo description available.\" class=\"FFVAD\" decoding=\"auto\" sizes=\"234.671875px\" srcset=\"https://scontent-frt3-2.cdninstagram.com/vp/c1bee7cd4bcad4897f7802ea94ed63b9/5D09BD75/t51.2885-15/e35/c134.0.811.811/s150x150/54247466_2107218209314509_9012081951399828545_n.jpg?_nc_ht=scontent-frt3-2.cdninstagram.com 150w,https://scontent-frt3-2.cdninstagram.com/vp/1325acf2a8ac4e9251a4c55811dc87f7/5D095D73/t51.2885-15/e35/c134.0.811.811/s240x240/54247466_2107218209314509_9012081951399828545_n.jpg?_nc_ht=scontent-frt3-2.cdninstagram.com 240w,https://scontent-frt3-2.cdninstagram.com/vp/75cc65e6a2609a73d753c1e8b8e7f238/5D1DF00D/t51.2885-15/e35/c134.0.811.811/s320x320/54247466_2107218209314509_9012081951399828545_n.jpg?_nc_ht=scontent-frt3-2.cdninstagram.com 320w,https://scontent-frt3-2.cdninstagram.com/vp/0dbc037095a36af24b19c780aa9088ea/5D04184A/t51.2885-15/e35/c134.0.811.811/s480x480/54247466_2107218209314509_9012081951399828545_n.jpg?_nc_ht=scontent-frt3-2.cdninstagram.com 480w,https://scontent-frt3-2.cdninstagram.com/vp/eb2e023e54393684246a5e51cb1e2762/5D1D9E41/t51.2885-15/sh0.08/e35/c134.0.811.811/s640x640/54247466_2107218209314509_9012081951399828545_n.jpg?_nc_ht=scontent-frt3-2.cdninstagram.com 640w\" src=\"https://scontent-frt3-2.cdninstagram.com/vp/eb2e023e54393684246a5e51cb1e2762/5D1D9E41/t51.2885-15/sh0.08/e35/c134.0.811.811/s640x640/54247466_2107218209314509_9012081951399828545_n.jpg?_nc_ht=scontent-frt3-2.cdninstagram.com\" style=\"object-fit: cover; animation: 0s ease 0s 1 normal none running none; background: none 0% 0% / auto repeat scroll padding-box border-box rgba(0, 0, 0, 0); background-blend-mode: normal; border: 0px none rgb(0, 53, 105); border-radius: 0px; border-collapse: separate; bottom: 0px; box-shadow: none; box-sizing: content-box; break-after: auto; break-before: auto; break-inside: auto; caption-side: top; clear: none; clip: auto; color: rgb(0, 53, 105); content: normal; cursor: pointer; direction: ltr; display: block; empty-cells: show; float: none; font: 400 14px/18px -apple-system, system-ui, &quot;Segoe UI&quot;, Roboto, Helvetica, Arial, sans-serif; font-kerning: auto; height: 234.672px; image-rendering: auto; isolation: auto; place-items: normal; place-self: auto; left: 0px; letter-spacing: normal; list-style: disc outside none; margin: 0px; max-height: none; max-width: none; min-height: 0px; min-width: 0px; mix-blend-mode: normal; object-position: 50% 50%; offset: none 0px auto 0deg; opacity: 1; orphans: 2; outline: rgb(0, 53, 105) none 0px; outline-offset: 0px; overflow-anchor: auto; overflow-wrap: normal; overflow: visible; padding: 0px; pointer-events: auto; position: absolute; resize: none; right: 0px; scroll-behavior: auto; speak: normal; table-layout: auto; tab-size: 8; text-align: start; text-align-last: auto; text-decoration: none solid rgb(0, 53, 105); text-decoration-skip-ink: auto; text-underline-position: auto; text-indent: 0px; text-rendering: auto; text-shadow: none; text-size-adjust: 100%; text-overflow: clip; text-transform: none; top: 0px; touch-action: auto; transition: all 0s ease 0s; unicode-bidi: normal; vertical-align: baseline; visibility: visible; white-space: normal; widows: 2; width: 234.672px; will-change: auto; word-break: normal; word-spacing: 0px; z-index: auto; zoom: 1; -webkit-appearance: none; backface-visibility: visible; border-spacing: 0px; -webkit-border-image: none; -webkit-box-align: stretch; -webkit-box-decoration-break: slice; -webkit-box-direction: normal; -webkit-box-flex: 0; -webkit-box-ordinal-group: 1; -webkit-box-orient: horizontal; -webkit-box-pack: start; columns: auto auto; gap: normal normal; column-rule: 0px none rgb(0, 53, 105); column-span: none; place-content: normal; flex: 0 1 auto; flex-flow: row nowrap; -webkit-font-smoothing: auto; grid-auto-columns: auto; grid-auto-flow: row; grid-auto-rows: auto; grid-area: auto / auto / auto / auto; grid-template-areas: none; grid-template-columns: none; grid-template-rows: none; -webkit-highlight: none; hyphens: manual; -webkit-hyphenate-character: auto; -webkit-line-break: auto; -webkit-locale: &quot;en&quot;; -webkit-margin-collapse: collapse collapse; -webkit-mask-box-image-source: none; -webkit-mask-box-image-slice: 0 fill; -webkit-mask-box-image-width: auto; -webkit-mask-box-image-outset: 0px; -webkit-mask-box-image-repeat: stretch; -webkit-mask: none 0% 0% / auto repeat border-box border-box; -webkit-mask-composite: source-over; order: 0; perspective: none; perspective-origin: 117.328px 117.328px; -webkit-print-color-adjust: economy; -webkit-rtl-ordering: logical; shape-outside: none; shape-image-threshold: 0; shape-margin: 0px; -webkit-tap-highlight-color: rgba(0, 0, 0, 0.4); -webkit-text-combine: none; -webkit-text-decorations-in-effect: none; -webkit-text-emphasis: none rgb(0, 53, 105); -webkit-text-emphasis-position: over right; -webkit-text-fill-color: rgb(0, 53, 105); -webkit-text-orientation: vertical-right; -webkit-text-security: none; -webkit-text-stroke: 0px rgb(0, 53, 105); transform: none; transform-origin: 117.336px 117.336px; transform-style: flat; -webkit-user-drag: auto; -webkit-user-modify: read-only; user-select: none; -webkit-writing-mode: horizontal-tb; -webkit-app-region: none; buffered-rendering: auto; clip-path: none; clip-rule: nonzero; mask: none; filter: none; flood-color: rgb(0, 0, 0); flood-opacity: 1; lighting-color: rgb(255, 255, 255); stop-color: rgb(0, 0, 0); stop-opacity: 1; color-interpolation: srgb; color-interpolation-filters: linearrgb; color-rendering: auto; fill: rgb(0, 0, 0); fill-opacity: 1; fill-rule: nonzero; marker: none; mask-type: luminance; shape-rendering: auto; stroke: none; stroke-dasharray: none; stroke-dashoffset: 0px; stroke-linecap: butt; stroke-linejoin: miter; stroke-miterlimit: 4; stroke-opacity: 1; stroke-width: 1px; alignment-baseline: auto; baseline-shift: 0px; dominant-baseline: auto; text-anchor: start; writing-mode: horizontal-tb; vector-effect: none; paint-order: normal; d: none; cx: 0px; cy: 0px; x: 0px; y: 0px; r: 0px; rx: auto; ry: auto; caret-color: rgb(0, 53, 105); line-break: auto;\">"}