{"x":[{"x":87.96875,"y":156,"width":240.046875,"height":496,"top":156,"right":328.015625,"bottom":652,"left":87.96875},{"x":87.96875,"y":156,"width":240.046875,"height":129,"top":156,"right":328.015625,"bottom":285,"left":87.96875},{"x":87.96875,"y":156,"width":196.46875,"height":128,"top":156,"right":284.4375,"bottom":284,"left":87.96875},{"x":87.96875,"y":307,"width":240.046875,"height":208,"top":307,"right":328.015625,"bottom":515,"left":87.96875},{"x":87.96875,"y":310,"width":232.78125,"height":202,"top":310,"right":320.75,"bottom":512,"left":87.96875},{"x":87.96875,"y":533,"width":154.640625,"height":46,"top":533,"right":242.609375,"bottom":579,"left":87.96875},{"x":111.96875,"y":548,"width":104.65625,"height":16,"top":548,"right":216.625,"bottom":564,"left":111.96875},{"x":87.96875,"y":597,"width":240.046875,"height":0,"top":597,"right":328.015625,"bottom":597,"left":87.96875},{"x":87.96875,"y":597,"width":0,"height":0,"top":597,"right":87.96875,"bottom":597,"left":87.96875},{"x":87.96875,"y":604,"width":143.796875,"height":22,"top":604,"right":231.765625,"bottom":626,"left":87.96875},{"x":87.96875,"y":607,"width":16,"height":16,"top":607,"right":103.96875,"bottom":623,"left":87.96875},{"x":87.96875,"y":607,"width":16,"height":16,"top":607,"right":103.96875,"bottom":623,"left":87.96875},{"x":108.96875,"y":606,"width":121.1875,"height":17,"top":606,"right":230.15625,"bottom":623,"left":108.96875},{"x":87.96875,"y":631,"width":240.046875,"height":20,"top":631,"right":328.015625,"bottom":651,"left":87.96875},{"x":87.96875,"y":634,"width":115.984375,"height":14,"top":634,"right":203.953125,"bottom":648,"left":87.96875}],"y":".block.static.row.nowrap.{.block.static.row.nowrap.{.inline.static.row.nowrap.}.|.block.static.row.nowrap.{.inline.static.row.nowrap.}.|.inline-block.static.row.nowrap.{.inline.static.row.nowrap.}.|.block.static.row.nowrap.{.inline.static.row.nowrap.}.|.inline-block.static.row.nowrap.{.inline-block.relative.row.nowrap.{.inline.static.row.nowrap.}.|.inline.static.row.nowrap.}.|.block.static.row.nowrap.{.inline.static.row.nowrap.}.}","viewport":{"width":800,"height":4496},"bodyRect":{"width":800,"height":600},"markup":"\n                  <h1 class=\"h-c-headline h-c-headline--one\" style=\"animation: 0s ease 0s 1 normal none running none; background: none 0% 0% / auto repeat scroll padding-box border-box rgba(0, 0, 0, 0); background-blend-mode: normal; border: 0px none rgb(37, 39, 43); border-radius: 0px; border-collapse: separate; bottom: auto; box-shadow: none; box-sizing: border-box; break-after: auto; break-before: auto; break-inside: auto; caption-side: top; clear: none; clip: auto; color: rgb(37, 39, 43); content: normal; cursor: auto; direction: ltr; display: block; empty-cells: show; float: none; font: 400 38px/43.9998px &quot;Google Sans&quot;, Roboto, Arial, Helvetica, sans-serif; font-kerning: auto; height: 129px; image-rendering: auto; isolation: auto; place-items: normal; place-self: auto; left: auto; letter-spacing: normal; list-style: disc outside none; margin: 0px 0px 22px; max-height: none; max-width: none; min-height: 0px; min-width: 0px; mix-blend-mode: normal; object-fit: fill; object-position: 50% 50%; offset: none 0px auto 0deg; opacity: 1; orphans: 2; outline: rgb(37, 39, 43) none 0px; outline-offset: 0px; overflow-anchor: auto; overflow-wrap: normal; overflow: visible; padding: 0px; pointer-events: auto; position: static; resize: none; right: auto; scroll-behavior: auto; speak: normal; table-layout: auto; tab-size: 8; text-align: start; text-align-last: auto; text-decoration: none solid rgb(37, 39, 43); text-decoration-skip-ink: auto; text-underline-position: auto; text-indent: 0px; text-rendering: optimizelegibility; text-shadow: none; text-size-adjust: 100%; text-overflow: clip; text-transform: none; top: auto; touch-action: auto; transition: all 0s ease 0s; unicode-bidi: normal; vertical-align: baseline; visibility: visible; white-space: normal; widows: 2; width: 240.047px; will-change: auto; word-break: normal; word-spacing: 0px; z-index: auto; zoom: 1; -webkit-appearance: none; backface-visibility: visible; border-spacing: 0px; -webkit-border-image: none; -webkit-box-align: stretch; -webkit-box-decoration-break: slice; -webkit-box-direction: normal; -webkit-box-flex: 0; -webkit-box-ordinal-group: 1; -webkit-box-orient: horizontal; -webkit-box-pack: start; columns: auto auto; gap: normal normal; column-rule: 0px none rgb(37, 39, 43); column-span: none; place-content: normal; flex: 0 1 auto; flex-flow: row nowrap; -webkit-font-smoothing: antialiased; grid-auto-columns: auto; grid-auto-flow: row; grid-auto-rows: auto; grid-area: auto / auto / auto / auto; grid-template-areas: none; grid-template-columns: none; grid-template-rows: none; -webkit-highlight: none; hyphens: none; -webkit-hyphenate-character: auto; -webkit-line-break: auto; -webkit-locale: &quot;tr&quot;; -webkit-margin-collapse: collapse collapse; -webkit-mask-box-image-source: none; -webkit-mask-box-image-slice: 0 fill; -webkit-mask-box-image-width: auto; -webkit-mask-box-image-outset: 0px; -webkit-mask-box-image-repeat: stretch; -webkit-mask: none 0% 0% / auto repeat border-box border-box; -webkit-mask-composite: source-over; order: 0; perspective: none; perspective-origin: 120.016px 64.5px; -webkit-print-color-adjust: economy; -webkit-rtl-ordering: logical; shape-outside: none; shape-image-threshold: 0; shape-margin: 0px; -webkit-tap-highlight-color: rgba(0, 0, 0, 0.4); -webkit-text-combine: none; -webkit-text-decorations-in-effect: none; -webkit-text-emphasis: none rgb(37, 39, 43); -webkit-text-emphasis-position: over right; -webkit-text-fill-color: rgb(37, 39, 43); -webkit-text-orientation: vertical-right; -webkit-text-security: none; -webkit-text-stroke: 0px rgb(37, 39, 43); transform: none; transform-origin: 120.023px 64.5px; transform-style: flat; -webkit-user-drag: auto; -webkit-user-modify: read-only; user-select: auto; -webkit-writing-mode: horizontal-tb; -webkit-app-region: none; buffered-rendering: auto; clip-path: none; clip-rule: nonzero; mask: none; filter: none; flood-color: rgb(0, 0, 0); flood-opacity: 1; lighting-color: rgb(255, 255, 255); stop-color: rgb(0, 0, 0); stop-opacity: 1; color-interpolation: srgb; color-interpolation-filters: linearrgb; color-rendering: auto; fill: rgb(0, 0, 0); fill-opacity: 1; fill-rule: nonzero; marker: none; mask-type: luminance; shape-rendering: auto; stroke: none; stroke-dasharray: none; stroke-dashoffset: 0px; stroke-linecap: butt; stroke-linejoin: miter; stroke-miterlimit: 4; stroke-opacity: 1; stroke-width: 1px; alignment-baseline: auto; baseline-shift: 0px; dominant-baseline: auto; text-anchor: start; writing-mode: horizontal-tb; vector-effect: none; paint-order: normal; d: none; cx: 0px; cy: 0px; x: 0px; y: 0px; r: 0px; rx: auto; ry: auto; caret-color: rgb(37, 39, 43); line-break: auto;\">\n                    <span style=\"animation: 0s ease 0s 1 normal none running none; background: none 0% 0% / auto repeat scroll padding-box border-box rgba(0, 0, 0, 0); background-blend-mode: normal; border: 0px none rgb(37, 39, 43); border-radius: 0px; border-collapse: separate; bottom: auto; box-shadow: none; box-sizing: border-box; break-after: auto; break-before: auto; break-inside: auto; caption-side: top; clear: none; clip: auto; color: rgb(37, 39, 43); content: normal; cursor: auto; direction: ltr; display: inline; empty-cells: show; float: none; font: 400 38px/43.9998px &quot;Google Sans&quot;, Roboto, Arial, Helvetica, sans-serif; font-kerning: auto; height: auto; image-rendering: auto; isolation: auto; place-items: normal; place-self: auto; left: auto; letter-spacing: normal; list-style: disc outside none; margin: 0px; max-height: none; max-width: none; min-height: 0px; min-width: 0px; mix-blend-mode: normal; object-fit: fill; object-position: 50% 50%; offset: none 0px auto 0deg; opacity: 1; orphans: 2; outline: rgb(37, 39, 43) none 0px; outline-offset: 0px; overflow-anchor: auto; overflow-wrap: normal; overflow: visible; padding: 0px; pointer-events: auto; position: static; resize: none; right: auto; scroll-behavior: auto; speak: normal; table-layout: auto; tab-size: 8; text-align: start; text-align-last: auto; text-decoration: none solid rgb(37, 39, 43); text-decoration-skip-ink: auto; text-underline-position: auto; text-indent: 0px; text-rendering: optimizelegibility; text-shadow: none; text-size-adjust: 100%; text-overflow: clip; text-transform: none; top: auto; touch-action: auto; transition: all 0s ease 0s; unicode-bidi: normal; vertical-align: baseline; visibility: visible; white-space: normal; widows: 2; width: auto; will-change: auto; word-break: normal; word-spacing: 0px; z-index: auto; zoom: 1; -webkit-appearance: none; backface-visibility: visible; border-spacing: 0px; -webkit-border-image: none; -webkit-box-align: stretch; -webkit-box-decoration-break: slice; -webkit-box-direction: normal; -webkit-box-flex: 0; -webkit-box-ordinal-group: 1; -webkit-box-orient: horizontal; -webkit-box-pack: start; columns: auto auto; gap: normal normal; column-rule: 0px none rgb(37, 39, 43); column-span: none; place-content: normal; flex: 0 1 auto; flex-flow: row nowrap; -webkit-font-smoothing: antialiased; grid-auto-columns: auto; grid-auto-flow: row; grid-auto-rows: auto; grid-area: auto / auto / auto / auto; grid-template-areas: none; grid-template-columns: none; grid-template-rows: none; -webkit-highlight: none; hyphens: none; -webkit-hyphenate-character: auto; -webkit-line-break: auto; -webkit-locale: &quot;tr&quot;; -webkit-margin-collapse: collapse collapse; -webkit-mask-box-image-source: none; -webkit-mask-box-image-slice: 0 fill; -webkit-mask-box-image-width: auto; -webkit-mask-box-image-outset: 0px; -webkit-mask-box-image-repeat: stretch; -webkit-mask: none 0% 0% / auto repeat border-box border-box; -webkit-mask-composite: source-over; order: 0; perspective: none; perspective-origin: 0px 0px; -webkit-print-color-adjust: economy; -webkit-rtl-ordering: logical; shape-outside: none; shape-image-threshold: 0; shape-margin: 0px; -webkit-tap-highlight-color: rgba(0, 0, 0, 0.4); -webkit-text-combine: none; -webkit-text-decorations-in-effect: none; -webkit-text-emphasis: none rgb(37, 39, 43); -webkit-text-emphasis-position: over right; -webkit-text-fill-color: rgb(37, 39, 43); -webkit-text-orientation: vertical-right; -webkit-text-security: none; -webkit-text-stroke: 0px rgb(37, 39, 43); transform: none; transform-origin: 0px 0px; transform-style: flat; -webkit-user-drag: auto; -webkit-user-modify: read-only; user-select: auto; -webkit-writing-mode: horizontal-tb; -webkit-app-region: none; buffered-rendering: auto; clip-path: none; clip-rule: nonzero; mask: none; filter: none; flood-color: rgb(0, 0, 0); flood-opacity: 1; lighting-color: rgb(255, 255, 255); stop-color: rgb(0, 0, 0); stop-opacity: 1; color-interpolation: srgb; color-interpolation-filters: linearrgb; color-rendering: auto; fill: rgb(0, 0, 0); fill-opacity: 1; fill-rule: nonzero; marker: none; mask-type: luminance; shape-rendering: auto; stroke: none; stroke-dasharray: none; stroke-dashoffset: 0px; stroke-linecap: butt; stroke-linejoin: miter; stroke-miterlimit: 4; stroke-opacity: 1; stroke-width: 1px; alignment-baseline: auto; baseline-shift: 0px; dominant-baseline: auto; text-anchor: start; writing-mode: horizontal-tb; vector-effect: none; paint-order: normal; d: none; cx: 0px; cy: 0px; x: 0px; y: 0px; r: 0px; rx: auto; ry: auto; caret-color: rgb(37, 39, 43); line-break: auto;\">Google Ads ile&nbsp;işinizi büyütün</span>\n                  </h1>\n                  <p class=\"h-c-copy--lead\" style=\"animation: 0s ease 0s 1 normal none running none; background: none 0% 0% / auto repeat scroll padding-box border-box rgba(0, 0, 0, 0); background-blend-mode: normal; border: 0px none rgb(60, 64, 67); border-radius: 0px; border-collapse: separate; bottom: auto; box-shadow: none; box-sizing: border-box; break-after: auto; break-before: auto; break-inside: auto; caption-side: top; clear: none; clip: auto; color: rgb(60, 64, 67); content: normal; cursor: auto; direction: ltr; display: block; empty-cells: show; float: none; font: 300 18px/26px &quot;Google Sans&quot;, Roboto, Arial, Helvetica, sans-serif; font-kerning: auto; height: 208px; image-rendering: auto; isolation: auto; place-items: normal; place-self: auto; left: auto; letter-spacing: 0.25px; list-style: disc outside none; margin: 0px; max-height: none; max-width: none; min-height: 0px; min-width: 0px; mix-blend-mode: normal; object-fit: fill; object-position: 50% 50%; offset: none 0px auto 0deg; opacity: 1; orphans: 2; outline: rgb(60, 64, 67) none 0px; outline-offset: 0px; overflow-anchor: auto; overflow-wrap: break-word; overflow: visible; padding: 0px; pointer-events: auto; position: static; resize: none; right: auto; scroll-behavior: auto; speak: normal; table-layout: auto; tab-size: 8; text-align: start; text-align-last: auto; text-decoration: none solid rgb(60, 64, 67); text-decoration-skip-ink: auto; text-underline-position: auto; text-indent: 0px; text-rendering: auto; text-shadow: none; text-size-adjust: 100%; text-overflow: clip; text-transform: none; top: auto; touch-action: auto; transition: all 0s ease 0s; unicode-bidi: normal; vertical-align: baseline; visibility: visible; white-space: normal; widows: 2; width: 240.047px; will-change: auto; word-break: normal; word-spacing: 0px; z-index: auto; zoom: 1; -webkit-appearance: none; backface-visibility: visible; border-spacing: 0px; -webkit-border-image: none; -webkit-box-align: stretch; -webkit-box-decoration-break: slice; -webkit-box-direction: normal; -webkit-box-flex: 0; -webkit-box-ordinal-group: 1; -webkit-box-orient: horizontal; -webkit-box-pack: start; columns: auto auto; gap: normal normal; column-rule: 0px none rgb(60, 64, 67); column-span: none; place-content: normal; flex: 0 1 auto; flex-flow: row nowrap; -webkit-font-smoothing: antialiased; grid-auto-columns: auto; grid-auto-flow: row; grid-auto-rows: auto; grid-area: auto / auto / auto / auto; grid-template-areas: none; grid-template-columns: none; grid-template-rows: none; -webkit-highlight: none; hyphens: manual; -webkit-hyphenate-character: auto; -webkit-line-break: auto; -webkit-locale: &quot;tr&quot;; -webkit-margin-collapse: collapse collapse; -webkit-mask-box-image-source: none; -webkit-mask-box-image-slice: 0 fill; -webkit-mask-box-image-width: auto; -webkit-mask-box-image-outset: 0px; -webkit-mask-box-image-repeat: stretch; -webkit-mask: none 0% 0% / auto repeat border-box border-box; -webkit-mask-composite: source-over; order: 0; perspective: none; perspective-origin: 120.016px 104px; -webkit-print-color-adjust: economy; -webkit-rtl-ordering: logical; shape-outside: none; shape-image-threshold: 0; shape-margin: 0px; -webkit-tap-highlight-color: rgba(0, 0, 0, 0.4); -webkit-text-combine: none; -webkit-text-decorations-in-effect: none; -webkit-text-emphasis: none rgb(60, 64, 67); -webkit-text-emphasis-position: over right; -webkit-text-fill-color: rgb(60, 64, 67); -webkit-text-orientation: vertical-right; -webkit-text-security: none; -webkit-text-stroke: 0px rgb(60, 64, 67); transform: none; transform-origin: 120.023px 104px; transform-style: flat; -webkit-user-drag: auto; -webkit-user-modify: read-only; user-select: auto; -webkit-writing-mode: horizontal-tb; -webkit-app-region: none; buffered-rendering: auto; clip-path: none; clip-rule: nonzero; mask: none; filter: none; flood-color: rgb(0, 0, 0); flood-opacity: 1; lighting-color: rgb(255, 255, 255); stop-color: rgb(0, 0, 0); stop-opacity: 1; color-interpolation: srgb; color-interpolation-filters: linearrgb; color-rendering: auto; fill: rgb(0, 0, 0); fill-opacity: 1; fill-rule: nonzero; marker: none; mask-type: luminance; shape-rendering: auto; stroke: none; stroke-dasharray: none; stroke-dashoffset: 0px; stroke-linecap: butt; stroke-linejoin: miter; stroke-miterlimit: 4; stroke-opacity: 1; stroke-width: 1px; alignment-baseline: auto; baseline-shift: 0px; dominant-baseline: auto; text-anchor: start; writing-mode: horizontal-tb; vector-effect: none; paint-order: normal; d: none; cx: 0px; cy: 0px; x: 0px; y: 0px; r: 0px; rx: auto; ry: auto; caret-color: rgb(60, 64, 67); line-break: auto;\">\n                    <span style=\"animation: 0s ease 0s 1 normal none running none; background: none 0% 0% / auto repeat scroll padding-box border-box rgba(0, 0, 0, 0); background-blend-mode: normal; border: 0px none rgb(60, 64, 67); border-radius: 0px; border-collapse: separate; bottom: auto; box-shadow: none; box-sizing: border-box; break-after: auto; break-before: auto; break-inside: auto; caption-side: top; clear: none; clip: auto; color: rgb(60, 64, 67); content: normal; cursor: auto; direction: ltr; display: inline; empty-cells: show; float: none; font: 300 18px/26px &quot;Google Sans&quot;, Roboto, Arial, Helvetica, sans-serif; font-kerning: auto; height: auto; image-rendering: auto; isolation: auto; place-items: normal; place-self: auto; left: auto; letter-spacing: 0.25px; list-style: disc outside none; margin: 0px; max-height: none; max-width: none; min-height: 0px; min-width: 0px; mix-blend-mode: normal; object-fit: fill; object-position: 50% 50%; offset: none 0px auto 0deg; opacity: 1; orphans: 2; outline: rgb(60, 64, 67) none 0px; outline-offset: 0px; overflow-anchor: auto; overflow-wrap: break-word; overflow: visible; padding: 0px; pointer-events: auto; position: static; resize: none; right: auto; scroll-behavior: auto; speak: normal; table-layout: auto; tab-size: 8; text-align: start; text-align-last: auto; text-decoration: none solid rgb(60, 64, 67); text-decoration-skip-ink: auto; text-underline-position: auto; text-indent: 0px; text-rendering: auto; text-shadow: none; text-size-adjust: 100%; text-overflow: clip; text-transform: none; top: auto; touch-action: auto; transition: all 0s ease 0s; unicode-bidi: normal; vertical-align: baseline; visibility: visible; white-space: normal; widows: 2; width: auto; will-change: auto; word-break: normal; word-spacing: 0px; z-index: auto; zoom: 1; -webkit-appearance: none; backface-visibility: visible; border-spacing: 0px; -webkit-border-image: none; -webkit-box-align: stretch; -webkit-box-decoration-break: slice; -webkit-box-direction: normal; -webkit-box-flex: 0; -webkit-box-ordinal-group: 1; -webkit-box-orient: horizontal; -webkit-box-pack: start; columns: auto auto; gap: normal normal; column-rule: 0px none rgb(60, 64, 67); column-span: none; place-content: normal; flex: 0 1 auto; flex-flow: row nowrap; -webkit-font-smoothing: antialiased; grid-auto-columns: auto; grid-auto-flow: row; grid-auto-rows: auto; grid-area: auto / auto / auto / auto; grid-template-areas: none; grid-template-columns: none; grid-template-rows: none; -webkit-highlight: none; hyphens: manual; -webkit-hyphenate-character: auto; -webkit-line-break: auto; -webkit-locale: &quot;tr&quot;; -webkit-margin-collapse: collapse collapse; -webkit-mask-box-image-source: none; -webkit-mask-box-image-slice: 0 fill; -webkit-mask-box-image-width: auto; -webkit-mask-box-image-outset: 0px; -webkit-mask-box-image-repeat: stretch; -webkit-mask: none 0% 0% / auto repeat border-box border-box; -webkit-mask-composite: source-over; order: 0; perspective: none; perspective-origin: 0px 0px; -webkit-print-color-adjust: economy; -webkit-rtl-ordering: logical; shape-outside: none; shape-image-threshold: 0; shape-margin: 0px; -webkit-tap-highlight-color: rgba(0, 0, 0, 0.4); -webkit-text-combine: none; -webkit-text-decorations-in-effect: none; -webkit-text-emphasis: none rgb(60, 64, 67); -webkit-text-emphasis-position: over right; -webkit-text-fill-color: rgb(60, 64, 67); -webkit-text-orientation: vertical-right; -webkit-text-security: none; -webkit-text-stroke: 0px rgb(60, 64, 67); transform: none; transform-origin: 0px 0px; transform-style: flat; -webkit-user-drag: auto; -webkit-user-modify: read-only; user-select: auto; -webkit-writing-mode: horizontal-tb; -webkit-app-region: none; buffered-rendering: auto; clip-path: none; clip-rule: nonzero; mask: none; filter: none; flood-color: rgb(0, 0, 0); flood-opacity: 1; lighting-color: rgb(255, 255, 255); stop-color: rgb(0, 0, 0); stop-opacity: 1; color-interpolation: srgb; color-interpolation-filters: linearrgb; color-rendering: auto; fill: rgb(0, 0, 0); fill-opacity: 1; fill-rule: nonzero; marker: none; mask-type: luminance; shape-rendering: auto; stroke: none; stroke-dasharray: none; stroke-dashoffset: 0px; stroke-linecap: butt; stroke-linejoin: miter; stroke-miterlimit: 4; stroke-opacity: 1; stroke-width: 1px; alignment-baseline: auto; baseline-shift: 0px; dominant-baseline: auto; text-anchor: start; writing-mode: horizontal-tb; vector-effect: none; paint-order: normal; d: none; cx: 0px; cy: 0px; x: 0px; y: 0px; r: 0px; rx: auto; ry: auto; caret-color: rgb(60, 64, 67); line-break: auto;\">Google Arama ve Haritalar'da sizinkine benzer işletmeleri arayan müşterilerin karşısına çıkın. Sadece web sitenize yönlendiren tıklamalar veya işletmenize yapılan telefon aramaları için ödeme yapın.</span>\n                  </p><a class=\"h-c-button h-c-button--primary h-c-button h-c-button--primary hero-button--margin\" href=\"https://ads.google.com/um/StartNow?subid=ww-ww-et-g-aw-a-about_products_1-redlmo2!\" style=\"animation: 0s ease 0s 1 normal none running none; background: none 0px 0px / auto repeat scroll padding-box border-box rgb(26, 115, 232); background-blend-mode: normal; border: 0px none rgb(255, 255, 255); border-radius: 2px; border-collapse: separate; bottom: auto; box-shadow: none; box-sizing: border-box; break-after: auto; break-before: auto; break-inside: auto; caption-side: top; clear: none; clip: auto; color: rgb(255, 255, 255); content: normal; cursor: pointer; direction: ltr; display: inline-block; empty-cells: show; float: none; font: 500 14px/16.8px &quot;Google Sans&quot;, Roboto, Arial, Helvetica, sans-serif; font-kerning: auto; height: 46px; image-rendering: auto; isolation: auto; place-items: normal; place-self: auto; left: auto; letter-spacing: 0.25px; list-style: disc outside none; margin: 18px 0px; max-height: none; max-width: none; min-height: 46px; min-width: 0px; mix-blend-mode: normal; object-fit: fill; object-position: 50% 50%; offset: none 0px auto 0deg; opacity: 1; orphans: 2; outline: rgb(255, 255, 255) none 0px; outline-offset: 0px; overflow-anchor: auto; overflow-wrap: break-word; overflow: visible; padding: 15px 24px; pointer-events: auto; position: static; resize: none; right: auto; scroll-behavior: auto; speak: normal; table-layout: auto; tab-size: 8; text-align: start; text-align-last: auto; text-decoration: none solid rgb(255, 255, 255); text-decoration-skip-ink: auto; text-underline-position: auto; text-indent: 0px; text-rendering: optimizelegibility; text-shadow: none; text-size-adjust: 100%; text-overflow: clip; text-transform: none; top: auto; touch-action: auto; transition: color 0.15s linear 0s, background-color 0.15s linear 0s; unicode-bidi: normal; vertical-align: middle; visibility: visible; white-space: normal; widows: 2; width: 154.656px; will-change: auto; word-break: normal; word-spacing: 0px; z-index: auto; zoom: 1; -webkit-appearance: none; backface-visibility: visible; border-spacing: 0px; -webkit-border-image: none; -webkit-box-align: stretch; -webkit-box-decoration-break: slice; -webkit-box-direction: normal; -webkit-box-flex: 0; -webkit-box-ordinal-group: 1; -webkit-box-orient: horizontal; -webkit-box-pack: start; columns: auto auto; gap: normal normal; column-rule: 0px none rgb(255, 255, 255); column-span: none; place-content: normal; flex: 0 1 auto; flex-flow: row nowrap; -webkit-font-smoothing: antialiased; grid-auto-columns: auto; grid-auto-flow: row; grid-auto-rows: auto; grid-area: auto / auto / auto / auto; grid-template-areas: none; grid-template-columns: none; grid-template-rows: none; -webkit-highlight: none; hyphens: manual; -webkit-hyphenate-character: auto; -webkit-line-break: auto; -webkit-locale: &quot;tr&quot;; -webkit-margin-collapse: collapse collapse; -webkit-mask-box-image-source: none; -webkit-mask-box-image-slice: 0 fill; -webkit-mask-box-image-width: auto; -webkit-mask-box-image-outset: 0px; -webkit-mask-box-image-repeat: stretch; -webkit-mask: none 0% 0% / auto repeat border-box border-box; -webkit-mask-composite: source-over; order: 0; perspective: none; perspective-origin: 77.3125px 23px; -webkit-print-color-adjust: economy; -webkit-rtl-ordering: logical; shape-outside: none; shape-image-threshold: 0; shape-margin: 0px; -webkit-tap-highlight-color: rgba(0, 0, 0, 0.4); -webkit-text-combine: none; -webkit-text-decorations-in-effect: none; -webkit-text-emphasis: none rgb(255, 255, 255); -webkit-text-emphasis-position: over right; -webkit-text-fill-color: rgb(255, 255, 255); -webkit-text-orientation: vertical-right; -webkit-text-security: none; -webkit-text-stroke: 0px rgb(255, 255, 255); transform: none; transform-origin: 77.3203px 23px; transform-style: flat; -webkit-user-drag: auto; -webkit-user-modify: read-only; user-select: auto; -webkit-writing-mode: horizontal-tb; -webkit-app-region: none; buffered-rendering: auto; clip-path: none; clip-rule: nonzero; mask: none; filter: none; flood-color: rgb(0, 0, 0); flood-opacity: 1; lighting-color: rgb(255, 255, 255); stop-color: rgb(0, 0, 0); stop-opacity: 1; color-interpolation: srgb; color-interpolation-filters: linearrgb; color-rendering: auto; fill: rgb(0, 0, 0); fill-opacity: 1; fill-rule: nonzero; marker: none; mask-type: luminance; shape-rendering: auto; stroke: none; stroke-dasharray: none; stroke-dashoffset: 0px; stroke-linecap: butt; stroke-linejoin: miter; stroke-miterlimit: 4; stroke-opacity: 1; stroke-width: 1px; alignment-baseline: auto; baseline-shift: 0px; dominant-baseline: auto; text-anchor: start; writing-mode: horizontal-tb; vector-effect: none; paint-order: normal; d: none; cx: 0px; cy: 0px; x: 0px; y: 0px; r: 0px; rx: auto; ry: auto; caret-color: rgb(255, 255, 255); line-break: auto;\"><span style=\"animation: 0s ease 0s 1 normal none running none; background: none 0% 0% / auto repeat scroll padding-box border-box rgba(0, 0, 0, 0); background-blend-mode: normal; border: 0px none rgb(255, 255, 255); border-radius: 0px; border-collapse: separate; bottom: auto; box-shadow: none; box-sizing: border-box; break-after: auto; break-before: auto; break-inside: auto; caption-side: top; clear: none; clip: auto; color: rgb(255, 255, 255); content: normal; cursor: pointer; direction: ltr; display: inline; empty-cells: show; float: none; font: 500 14px/16.8px &quot;Google Sans&quot;, Roboto, Arial, Helvetica, sans-serif; font-kerning: auto; height: auto; image-rendering: auto; isolation: auto; place-items: normal; place-self: auto; left: auto; letter-spacing: 0.25px; list-style: disc outside none; margin: 0px; max-height: none; max-width: none; min-height: 0px; min-width: 0px; mix-blend-mode: normal; object-fit: fill; object-position: 50% 50%; offset: none 0px auto 0deg; opacity: 1; orphans: 2; outline: rgb(255, 255, 255) none 0px; outline-offset: 0px; overflow-anchor: auto; overflow-wrap: break-word; overflow: visible; padding: 0px; pointer-events: auto; position: static; resize: none; right: auto; scroll-behavior: auto; speak: normal; table-layout: auto; tab-size: 8; text-align: start; text-align-last: auto; text-decoration: none solid rgb(255, 255, 255); text-decoration-skip-ink: auto; text-underline-position: auto; text-indent: 0px; text-rendering: optimizelegibility; text-shadow: none; text-size-adjust: 100%; text-overflow: clip; text-transform: none; top: auto; touch-action: auto; transition: all 0s ease 0s; unicode-bidi: normal; vertical-align: baseline; visibility: visible; white-space: normal; widows: 2; width: auto; will-change: auto; word-break: normal; word-spacing: 0px; z-index: auto; zoom: 1; -webkit-appearance: none; backface-visibility: visible; border-spacing: 0px; -webkit-border-image: none; -webkit-box-align: stretch; -webkit-box-decoration-break: slice; -webkit-box-direction: normal; -webkit-box-flex: 0; -webkit-box-ordinal-group: 1; -webkit-box-orient: horizontal; -webkit-box-pack: start; columns: auto auto; gap: normal normal; column-rule: 0px none rgb(255, 255, 255); column-span: none; place-content: normal; flex: 0 1 auto; flex-flow: row nowrap; -webkit-font-smoothing: antialiased; grid-auto-columns: auto; grid-auto-flow: row; grid-auto-rows: auto; grid-area: auto / auto / auto / auto; grid-template-areas: none; grid-template-columns: none; grid-template-rows: none; -webkit-highlight: none; hyphens: manual; -webkit-hyphenate-character: auto; -webkit-line-break: auto; -webkit-locale: &quot;tr&quot;; -webkit-margin-collapse: collapse collapse; -webkit-mask-box-image-source: none; -webkit-mask-box-image-slice: 0 fill; -webkit-mask-box-image-width: auto; -webkit-mask-box-image-outset: 0px; -webkit-mask-box-image-repeat: stretch; -webkit-mask: none 0% 0% / auto repeat border-box border-box; -webkit-mask-composite: source-over; order: 0; perspective: none; perspective-origin: 0px 0px; -webkit-print-color-adjust: economy; -webkit-rtl-ordering: logical; shape-outside: none; shape-image-threshold: 0; shape-margin: 0px; -webkit-tap-highlight-color: rgba(0, 0, 0, 0.4); -webkit-text-combine: none; -webkit-text-decorations-in-effect: none; -webkit-text-emphasis: none rgb(255, 255, 255); -webkit-text-emphasis-position: over right; -webkit-text-fill-color: rgb(255, 255, 255); -webkit-text-orientation: vertical-right; -webkit-text-security: none; -webkit-text-stroke: 0px rgb(255, 255, 255); transform: none; transform-origin: 0px 0px; transform-style: flat; -webkit-user-drag: auto; -webkit-user-modify: read-only; user-select: auto; -webkit-writing-mode: horizontal-tb; -webkit-app-region: none; buffered-rendering: auto; clip-path: none; clip-rule: nonzero; mask: none; filter: none; flood-color: rgb(0, 0, 0); flood-opacity: 1; lighting-color: rgb(255, 255, 255); stop-color: rgb(0, 0, 0); stop-opacity: 1; color-interpolation: srgb; color-interpolation-filters: linearrgb; color-rendering: auto; fill: rgb(0, 0, 0); fill-opacity: 1; fill-rule: nonzero; marker: none; mask-type: luminance; shape-rendering: auto; stroke: none; stroke-dasharray: none; stroke-dashoffset: 0px; stroke-linecap: butt; stroke-linejoin: miter; stroke-miterlimit: 4; stroke-opacity: 1; stroke-width: 1px; alignment-baseline: auto; baseline-shift: 0px; dominant-baseline: auto; text-anchor: start; writing-mode: horizontal-tb; vector-effect: none; paint-order: normal; d: none; cx: 0px; cy: 0px; x: 0px; y: 0px; r: 0px; rx: auto; ry: auto; caret-color: rgb(255, 255, 255); line-break: auto;\">Hemen başlayın</span></a>\n                  <p class=\"call-time\" style=\"animation: 0s ease 0s 1 normal none running none; background: none 0% 0% / auto repeat scroll padding-box border-box rgba(0, 0, 0, 0); background-blend-mode: normal; border: 0px none rgb(60, 64, 67); border-radius: 0px; border-collapse: separate; bottom: auto; box-shadow: none; box-sizing: border-box; break-after: auto; break-before: auto; break-inside: auto; caption-side: top; clear: none; clip: auto; color: rgb(60, 64, 67); content: normal; cursor: auto; direction: ltr; display: block; empty-cells: show; float: none; font: 300 16px/20px Roboto, Arial, Helvetica, sans-serif; font-kerning: auto; height: 0px; image-rendering: auto; isolation: auto; place-items: normal; place-self: auto; left: auto; letter-spacing: 0.25px; list-style: disc outside none; margin: 0px 0px 5px; max-height: none; max-width: none; min-height: 0px; min-width: 0px; mix-blend-mode: normal; object-fit: fill; object-position: 50% 50%; offset: none 0px auto 0deg; opacity: 1; orphans: 2; outline: rgb(60, 64, 67) none 0px; outline-offset: 0px; overflow-anchor: auto; overflow-wrap: break-word; overflow: visible; padding: 0px; pointer-events: auto; position: static; resize: none; right: auto; scroll-behavior: auto; speak: normal; table-layout: auto; tab-size: 8; text-align: start; text-align-last: auto; text-decoration: none solid rgb(60, 64, 67); text-decoration-skip-ink: auto; text-underline-position: auto; text-indent: 0px; text-rendering: auto; text-shadow: none; text-size-adjust: 100%; text-overflow: clip; text-transform: none; top: auto; touch-action: auto; transition: all 0s ease 0s; unicode-bidi: normal; vertical-align: baseline; visibility: visible; white-space: normal; widows: 2; width: 240.047px; will-change: auto; word-break: normal; word-spacing: 0px; z-index: auto; zoom: 1; -webkit-appearance: none; backface-visibility: visible; border-spacing: 0px; -webkit-border-image: none; -webkit-box-align: stretch; -webkit-box-decoration-break: slice; -webkit-box-direction: normal; -webkit-box-flex: 0; -webkit-box-ordinal-group: 1; -webkit-box-orient: horizontal; -webkit-box-pack: start; columns: auto auto; gap: normal normal; column-rule: 0px none rgb(60, 64, 67); column-span: none; place-content: normal; flex: 0 1 auto; flex-flow: row nowrap; -webkit-font-smoothing: antialiased; grid-auto-columns: auto; grid-auto-flow: row; grid-auto-rows: auto; grid-area: auto / auto / auto / auto; grid-template-areas: none; grid-template-columns: none; grid-template-rows: none; -webkit-highlight: none; hyphens: manual; -webkit-hyphenate-character: auto; -webkit-line-break: auto; -webkit-locale: &quot;tr&quot;; -webkit-margin-collapse: collapse collapse; -webkit-mask-box-image-source: none; -webkit-mask-box-image-slice: 0 fill; -webkit-mask-box-image-width: auto; -webkit-mask-box-image-outset: 0px; -webkit-mask-box-image-repeat: stretch; -webkit-mask: none 0% 0% / auto repeat border-box border-box; -webkit-mask-composite: source-over; order: 0; perspective: none; perspective-origin: 120.016px 0px; -webkit-print-color-adjust: economy; -webkit-rtl-ordering: logical; shape-outside: none; shape-image-threshold: 0; shape-margin: 0px; -webkit-tap-highlight-color: rgba(0, 0, 0, 0.4); -webkit-text-combine: none; -webkit-text-decorations-in-effect: none; -webkit-text-emphasis: none rgb(60, 64, 67); -webkit-text-emphasis-position: over right; -webkit-text-fill-color: rgb(60, 64, 67); -webkit-text-orientation: vertical-right; -webkit-text-security: none; -webkit-text-stroke: 0px rgb(60, 64, 67); transform: none; transform-origin: 120.023px 0px; transform-style: flat; -webkit-user-drag: auto; -webkit-user-modify: read-only; user-select: auto; -webkit-writing-mode: horizontal-tb; -webkit-app-region: none; buffered-rendering: auto; clip-path: none; clip-rule: nonzero; mask: none; filter: none; flood-color: rgb(0, 0, 0); flood-opacity: 1; lighting-color: rgb(255, 255, 255); stop-color: rgb(0, 0, 0); stop-opacity: 1; color-interpolation: srgb; color-interpolation-filters: linearrgb; color-rendering: auto; fill: rgb(0, 0, 0); fill-opacity: 1; fill-rule: nonzero; marker: none; mask-type: luminance; shape-rendering: auto; stroke: none; stroke-dasharray: none; stroke-dashoffset: 0px; stroke-linecap: butt; stroke-linejoin: miter; stroke-miterlimit: 4; stroke-opacity: 1; stroke-width: 1px; alignment-baseline: auto; baseline-shift: 0px; dominant-baseline: auto; text-anchor: start; writing-mode: horizontal-tb; vector-effect: none; paint-order: normal; d: none; cx: 0px; cy: 0px; x: 0px; y: 0px; r: 0px; rx: auto; ry: auto; caret-color: rgb(60, 64, 67); line-break: auto;\">\n                    <span style=\"animation: 0s ease 0s 1 normal none running none; background: none 0% 0% / auto repeat scroll padding-box border-box rgba(0, 0, 0, 0); background-blend-mode: normal; border: 0px none rgb(60, 64, 67); border-radius: 0px; border-collapse: separate; bottom: auto; box-shadow: none; box-sizing: border-box; break-after: auto; break-before: auto; break-inside: auto; caption-side: top; clear: none; clip: auto; color: rgb(60, 64, 67); content: normal; cursor: auto; direction: ltr; display: inline; empty-cells: show; float: none; font: 300 16px/20px Roboto, Arial, Helvetica, sans-serif; font-kerning: auto; height: auto; image-rendering: auto; isolation: auto; place-items: normal; place-self: auto; left: auto; letter-spacing: 0.25px; list-style: disc outside none; margin: 0px; max-height: none; max-width: none; min-height: 0px; min-width: 0px; mix-blend-mode: normal; object-fit: fill; object-position: 50% 50%; offset: none 0px auto 0deg; opacity: 1; orphans: 2; outline: rgb(60, 64, 67) none 0px; outline-offset: 0px; overflow-anchor: auto; overflow-wrap: break-word; overflow: visible; padding: 0px; pointer-events: auto; position: static; resize: none; right: auto; scroll-behavior: auto; speak: normal; table-layout: auto; tab-size: 8; text-align: start; text-align-last: auto; text-decoration: none solid rgb(60, 64, 67); text-decoration-skip-ink: auto; text-underline-position: auto; text-indent: 0px; text-rendering: auto; text-shadow: none; text-size-adjust: 100%; text-overflow: clip; text-transform: none; top: auto; touch-action: auto; transition: all 0s ease 0s; unicode-bidi: normal; vertical-align: baseline; visibility: visible; white-space: normal; widows: 2; width: auto; will-change: auto; word-break: normal; word-spacing: 0px; z-index: auto; zoom: 1; -webkit-appearance: none; backface-visibility: visible; border-spacing: 0px; -webkit-border-image: none; -webkit-box-align: stretch; -webkit-box-decoration-break: slice; -webkit-box-direction: normal; -webkit-box-flex: 0; -webkit-box-ordinal-group: 1; -webkit-box-orient: horizontal; -webkit-box-pack: start; columns: auto auto; gap: normal normal; column-rule: 0px none rgb(60, 64, 67); column-span: none; place-content: normal; flex: 0 1 auto; flex-flow: row nowrap; -webkit-font-smoothing: antialiased; grid-auto-columns: auto; grid-auto-flow: row; grid-auto-rows: auto; grid-area: auto / auto / auto / auto; grid-template-areas: none; grid-template-columns: none; grid-template-rows: none; -webkit-highlight: none; hyphens: manual; -webkit-hyphenate-character: auto; -webkit-line-break: auto; -webkit-locale: &quot;tr&quot;; -webkit-margin-collapse: collapse collapse; -webkit-mask-box-image-source: none; -webkit-mask-box-image-slice: 0 fill; -webkit-mask-box-image-width: auto; -webkit-mask-box-image-outset: 0px; -webkit-mask-box-image-repeat: stretch; -webkit-mask: none 0% 0% / auto repeat border-box border-box; -webkit-mask-composite: source-over; order: 0; perspective: none; perspective-origin: 0px 0px; -webkit-print-color-adjust: economy; -webkit-rtl-ordering: logical; shape-outside: none; shape-image-threshold: 0; shape-margin: 0px; -webkit-tap-highlight-color: rgba(0, 0, 0, 0.4); -webkit-text-combine: none; -webkit-text-decorations-in-effect: none; -webkit-text-emphasis: none rgb(60, 64, 67); -webkit-text-emphasis-position: over right; -webkit-text-fill-color: rgb(60, 64, 67); -webkit-text-orientation: vertical-right; -webkit-text-security: none; -webkit-text-stroke: 0px rgb(60, 64, 67); transform: none; transform-origin: 0px 0px; transform-style: flat; -webkit-user-drag: auto; -webkit-user-modify: read-only; user-select: auto; -webkit-writing-mode: horizontal-tb; -webkit-app-region: none; buffered-rendering: auto; clip-path: none; clip-rule: nonzero; mask: none; filter: none; flood-color: rgb(0, 0, 0); flood-opacity: 1; lighting-color: rgb(255, 255, 255); stop-color: rgb(0, 0, 0); stop-opacity: 1; color-interpolation: srgb; color-interpolation-filters: linearrgb; color-rendering: auto; fill: rgb(0, 0, 0); fill-opacity: 1; fill-rule: nonzero; marker: none; mask-type: luminance; shape-rendering: auto; stroke: none; stroke-dasharray: none; stroke-dashoffset: 0px; stroke-linecap: butt; stroke-linejoin: miter; stroke-miterlimit: 4; stroke-opacity: 1; stroke-width: 1px; alignment-baseline: auto; baseline-shift: 0px; dominant-baseline: auto; text-anchor: start; writing-mode: horizontal-tb; vector-effect: none; paint-order: normal; d: none; cx: 0px; cy: 0px; x: 0px; y: 0px; r: 0px; rx: auto; ry: auto; caret-color: rgb(60, 64, 67); line-break: auto;\"></span>\n                  </p><a href=\"tel:08509022070?subid=ww-ww-et-g-aw-a-about_products_1-redlmo2!\" style=\"animation: 0s ease 0s 1 normal none running none; background: none 0px 0px / auto repeat scroll padding-box border-box rgba(0, 0, 0, 0); background-blend-mode: normal; border: 0px none rgb(26, 115, 232); border-radius: 0px; border-collapse: separate; bottom: auto; box-shadow: none; box-sizing: border-box; break-after: auto; break-before: auto; break-inside: auto; caption-side: top; clear: none; clip: auto; color: rgb(26, 115, 232); content: normal; cursor: pointer; direction: ltr; display: inline-block; empty-cells: show; float: none; font: 500 16px/22px Roboto, Arial, Helvetica, sans-serif; font-kerning: auto; height: 22px; image-rendering: auto; isolation: auto; place-items: normal; place-self: auto; left: auto; letter-spacing: 0.25px; list-style: disc outside none; margin: 0px 0px 5px; max-height: none; max-width: none; min-height: 0px; min-width: 0px; mix-blend-mode: normal; object-fit: fill; object-position: 50% 50%; offset: none 0px auto 0deg; opacity: 1; orphans: 2; outline: rgb(26, 115, 232) none 0px; outline-offset: 0px; overflow-anchor: auto; overflow-wrap: break-word; overflow: visible; padding: 0px; pointer-events: auto; position: static; resize: none; right: auto; scroll-behavior: auto; speak: normal; table-layout: auto; tab-size: 8; text-align: start; text-align-last: auto; text-decoration: none solid rgb(26, 115, 232); text-decoration-skip-ink: auto; text-underline-position: auto; text-indent: 0px; text-rendering: auto; text-shadow: none; text-size-adjust: 100%; text-overflow: clip; text-transform: none; top: auto; touch-action: auto; transition: all 0s ease 0s; unicode-bidi: normal; vertical-align: baseline; visibility: visible; white-space: normal; widows: 2; width: 143.812px; will-change: auto; word-break: normal; word-spacing: 0px; z-index: auto; zoom: 1; -webkit-appearance: none; backface-visibility: visible; border-spacing: 0px; -webkit-border-image: none; -webkit-box-align: stretch; -webkit-box-decoration-break: slice; -webkit-box-direction: normal; -webkit-box-flex: 0; -webkit-box-ordinal-group: 1; -webkit-box-orient: horizontal; -webkit-box-pack: start; columns: auto auto; gap: normal normal; column-rule: 0px none rgb(26, 115, 232); column-span: none; place-content: normal; flex: 0 1 auto; flex-flow: row nowrap; -webkit-font-smoothing: antialiased; grid-auto-columns: auto; grid-auto-flow: row; grid-auto-rows: auto; grid-area: auto / auto / auto / auto; grid-template-areas: none; grid-template-columns: none; grid-template-rows: none; -webkit-highlight: none; hyphens: manual; -webkit-hyphenate-character: auto; -webkit-line-break: auto; -webkit-locale: &quot;tr&quot;; -webkit-margin-collapse: collapse collapse; -webkit-mask-box-image-source: none; -webkit-mask-box-image-slice: 0 fill; -webkit-mask-box-image-width: auto; -webkit-mask-box-image-outset: 0px; -webkit-mask-box-image-repeat: stretch; -webkit-mask: none 0% 0% / auto repeat border-box border-box; -webkit-mask-composite: source-over; order: 0; perspective: none; perspective-origin: 71.8906px 11px; -webkit-print-color-adjust: economy; -webkit-rtl-ordering: logical; shape-outside: none; shape-image-threshold: 0; shape-margin: 0px; -webkit-tap-highlight-color: rgba(0, 0, 0, 0.4); -webkit-text-combine: none; -webkit-text-decorations-in-effect: none; -webkit-text-emphasis: none rgb(26, 115, 232); -webkit-text-emphasis-position: over right; -webkit-text-fill-color: rgb(26, 115, 232); -webkit-text-orientation: vertical-right; -webkit-text-security: none; -webkit-text-stroke: 0px rgb(26, 115, 232); transform: none; transform-origin: 71.8984px 11px; transform-style: flat; -webkit-user-drag: auto; -webkit-user-modify: read-only; user-select: auto; -webkit-writing-mode: horizontal-tb; -webkit-app-region: none; buffered-rendering: auto; clip-path: none; clip-rule: nonzero; mask: none; filter: none; flood-color: rgb(0, 0, 0); flood-opacity: 1; lighting-color: rgb(255, 255, 255); stop-color: rgb(0, 0, 0); stop-opacity: 1; color-interpolation: srgb; color-interpolation-filters: linearrgb; color-rendering: auto; fill: rgb(0, 0, 0); fill-opacity: 1; fill-rule: nonzero; marker: none; mask-type: luminance; shape-rendering: auto; stroke: none; stroke-dasharray: none; stroke-dashoffset: 0px; stroke-linecap: butt; stroke-linejoin: miter; stroke-miterlimit: 4; stroke-opacity: 1; stroke-width: 1px; alignment-baseline: auto; baseline-shift: 0px; dominant-baseline: auto; text-anchor: start; writing-mode: horizontal-tb; vector-effect: none; paint-order: normal; d: none; cx: 0px; cy: 0px; x: 0px; y: 0px; r: 0px; rx: auto; ry: auto; caret-color: rgb(26, 115, 232); line-break: auto;\"><svg aria-hidden=\"true\" role=\"img\" class=\"h-c-icon h-c-icon--link h-c-icon--call hero-call-icon\" style=\"animation: 0s ease 0s 1 normal none running none; background: none 0% 0% / auto repeat scroll padding-box border-box rgba(0, 0, 0, 0); background-blend-mode: normal; border: 0px none rgb(26, 115, 232); border-radius: 0px; border-collapse: separate; bottom: -3px; box-shadow: none; box-sizing: border-box; break-after: auto; break-before: auto; break-inside: auto; caption-side: top; clear: none; clip: auto; color: rgb(26, 115, 232); content: normal; cursor: pointer; direction: ltr; display: inline-block; empty-cells: show; float: none; font: 500 16px/22px Roboto, Arial, Helvetica, sans-serif; font-kerning: auto; height: 16px; image-rendering: auto; isolation: auto; place-items: normal; place-self: auto; left: 0px; letter-spacing: 0.25px; list-style: disc outside none; margin: 0px 5px 0px 0px; max-height: none; max-width: none; min-height: 0px; min-width: 0px; mix-blend-mode: normal; object-fit: fill; object-position: 50% 50%; offset: none 0px auto 0deg; opacity: 1; orphans: 2; outline: rgb(26, 115, 232) none 0px; outline-offset: 0px; overflow-anchor: auto; overflow-wrap: break-word; overflow: hidden; padding: 0px; pointer-events: auto; position: relative; resize: none; right: 0px; scroll-behavior: auto; speak: normal; table-layout: auto; tab-size: 8; text-align: start; text-align-last: auto; text-decoration: none solid rgb(26, 115, 232); text-decoration-skip-ink: auto; text-underline-position: auto; text-indent: 0px; text-rendering: auto; text-shadow: none; text-size-adjust: 100%; text-overflow: clip; text-transform: none; top: 3px; touch-action: auto; transition: all 0s ease 0s; unicode-bidi: normal; vertical-align: baseline; visibility: visible; white-space: normal; widows: 2; width: 16px; will-change: auto; word-break: normal; word-spacing: 0px; z-index: auto; zoom: 1; -webkit-appearance: none; backface-visibility: visible; border-spacing: 0px; -webkit-border-image: none; -webkit-box-align: stretch; -webkit-box-decoration-break: slice; -webkit-box-direction: normal; -webkit-box-flex: 0; -webkit-box-ordinal-group: 1; -webkit-box-orient: horizontal; -webkit-box-pack: start; columns: auto auto; gap: normal normal; column-rule: 0px none rgb(26, 115, 232); column-span: none; place-content: normal; flex: 0 1 auto; flex-flow: row nowrap; -webkit-font-smoothing: antialiased; grid-auto-columns: auto; grid-auto-flow: row; grid-auto-rows: auto; grid-area: auto / auto / auto / auto; grid-template-areas: none; grid-template-columns: none; grid-template-rows: none; -webkit-highlight: none; hyphens: manual; -webkit-hyphenate-character: auto; -webkit-line-break: auto; -webkit-locale: &quot;tr&quot;; -webkit-margin-collapse: collapse collapse; -webkit-mask-box-image-source: none; -webkit-mask-box-image-slice: 0 fill; -webkit-mask-box-image-width: auto; -webkit-mask-box-image-outset: 0px; -webkit-mask-box-image-repeat: stretch; -webkit-mask: none 0% 0% / auto repeat border-box border-box; -webkit-mask-composite: source-over; order: 0; perspective: none; perspective-origin: 8px 8px; -webkit-print-color-adjust: economy; -webkit-rtl-ordering: logical; shape-outside: none; shape-image-threshold: 0; shape-margin: 0px; -webkit-tap-highlight-color: rgba(0, 0, 0, 0.4); -webkit-text-combine: none; -webkit-text-decorations-in-effect: none; -webkit-text-emphasis: none rgb(26, 115, 232); -webkit-text-emphasis-position: over right; -webkit-text-fill-color: rgb(26, 115, 232); -webkit-text-orientation: vertical-right; -webkit-text-security: none; -webkit-text-stroke: 0px rgb(26, 115, 232); transform: none; transform-origin: 8px 8px; transform-style: flat; -webkit-user-drag: auto; -webkit-user-modify: read-only; user-select: auto; -webkit-writing-mode: horizontal-tb; -webkit-app-region: none; buffered-rendering: auto; clip-path: none; clip-rule: nonzero; mask: none; filter: none; flood-color: rgb(0, 0, 0); flood-opacity: 1; lighting-color: rgb(255, 255, 255); stop-color: rgb(0, 0, 0); stop-opacity: 1; color-interpolation: srgb; color-interpolation-filters: linearrgb; color-rendering: auto; fill: rgb(26, 115, 232); fill-opacity: 1; fill-rule: nonzero; marker: none; mask-type: luminance; shape-rendering: auto; stroke: none; stroke-dasharray: none; stroke-dashoffset: 0px; stroke-linecap: butt; stroke-linejoin: miter; stroke-miterlimit: 4; stroke-opacity: 1; stroke-width: 1px; alignment-baseline: auto; baseline-shift: 0px; dominant-baseline: auto; text-anchor: start; writing-mode: horizontal-tb; vector-effect: none; paint-order: normal; d: none; cx: 0px; cy: 0px; x: 0px; y: 0px; r: 0px; rx: auto; ry: auto; caret-color: rgb(26, 115, 232); line-break: auto;\">\n                  <use xlink:href=\"#call\" style=\"animation: 0s ease 0s 1 normal none running none; background: none 0% 0% / auto repeat scroll padding-box border-box rgba(0, 0, 0, 0); background-blend-mode: normal; border: 0px none rgb(26, 115, 232); border-radius: 0px; border-collapse: separate; bottom: auto; box-shadow: none; box-sizing: border-box; break-after: auto; break-before: auto; break-inside: auto; caption-side: top; clear: none; clip: auto; color: rgb(26, 115, 232); content: normal; cursor: pointer; direction: ltr; display: inline; empty-cells: show; float: none; font: 500 16px/22px Roboto, Arial, Helvetica, sans-serif; font-kerning: auto; height: auto; image-rendering: auto; isolation: auto; place-items: normal; place-self: auto; left: auto; letter-spacing: 0.25px; list-style: disc outside none; margin: 0px; max-height: none; max-width: none; min-height: 0px; min-width: 0px; mix-blend-mode: normal; object-fit: fill; object-position: 50% 50%; offset: none 0px auto 0deg; opacity: 1; orphans: 2; outline: rgb(26, 115, 232) none 0px; outline-offset: 0px; overflow-anchor: auto; overflow-wrap: break-word; overflow: visible; padding: 0px; pointer-events: auto; position: static; resize: none; right: auto; scroll-behavior: auto; speak: normal; table-layout: auto; tab-size: 8; text-align: start; text-align-last: auto; text-decoration: none solid rgb(26, 115, 232); text-decoration-skip-ink: auto; text-underline-position: auto; text-indent: 0px; text-rendering: auto; text-shadow: none; text-size-adjust: 100%; text-overflow: clip; text-transform: none; top: auto; touch-action: auto; transition: all 0s ease 0s; unicode-bidi: normal; vertical-align: baseline; visibility: visible; white-space: normal; widows: 2; width: auto; will-change: auto; word-break: normal; word-spacing: 0px; z-index: auto; zoom: 1; -webkit-appearance: none; backface-visibility: visible; border-spacing: 0px; -webkit-border-image: none; -webkit-box-align: stretch; -webkit-box-decoration-break: slice; -webkit-box-direction: normal; -webkit-box-flex: 0; -webkit-box-ordinal-group: 1; -webkit-box-orient: horizontal; -webkit-box-pack: start; columns: auto auto; gap: normal normal; column-rule: 0px none rgb(26, 115, 232); column-span: none; place-content: normal; flex: 0 1 auto; flex-flow: row nowrap; -webkit-font-smoothing: antialiased; grid-auto-columns: auto; grid-auto-flow: row; grid-auto-rows: auto; grid-area: auto / auto / auto / auto; grid-template-areas: none; grid-template-columns: none; grid-template-rows: none; -webkit-highlight: none; hyphens: manual; -webkit-hyphenate-character: auto; -webkit-line-break: auto; -webkit-locale: &quot;tr&quot;; -webkit-margin-collapse: collapse collapse; -webkit-mask-box-image-source: none; -webkit-mask-box-image-slice: 0 fill; -webkit-mask-box-image-width: auto; -webkit-mask-box-image-outset: 0px; -webkit-mask-box-image-repeat: stretch; -webkit-mask: none 0% 0% / auto repeat border-box border-box; -webkit-mask-composite: source-over; order: 0; perspective: none; perspective-origin: 0px 0px; -webkit-print-color-adjust: economy; -webkit-rtl-ordering: logical; shape-outside: none; shape-image-threshold: 0; shape-margin: 0px; -webkit-tap-highlight-color: rgba(0, 0, 0, 0.4); -webkit-text-combine: none; -webkit-text-decorations-in-effect: none; -webkit-text-emphasis: none rgb(26, 115, 232); -webkit-text-emphasis-position: over right; -webkit-text-fill-color: rgb(26, 115, 232); -webkit-text-orientation: vertical-right; -webkit-text-security: none; -webkit-text-stroke: 0px rgb(26, 115, 232); transform: none; transform-origin: 0px 0px; transform-style: flat; -webkit-user-drag: auto; -webkit-user-modify: read-only; user-select: auto; -webkit-writing-mode: horizontal-tb; -webkit-app-region: none; buffered-rendering: auto; clip-path: none; clip-rule: nonzero; mask: none; filter: none; flood-color: rgb(0, 0, 0); flood-opacity: 1; lighting-color: rgb(255, 255, 255); stop-color: rgb(0, 0, 0); stop-opacity: 1; color-interpolation: srgb; color-interpolation-filters: linearrgb; color-rendering: auto; fill: rgb(26, 115, 232); fill-opacity: 1; fill-rule: nonzero; marker: none; mask-type: luminance; shape-rendering: auto; stroke: none; stroke-dasharray: none; stroke-dashoffset: 0px; stroke-linecap: butt; stroke-linejoin: miter; stroke-miterlimit: 4; stroke-opacity: 1; stroke-width: 1px; alignment-baseline: auto; baseline-shift: 0px; dominant-baseline: auto; text-anchor: start; writing-mode: horizontal-tb; vector-effect: none; paint-order: normal; d: none; cx: 0px; cy: 0px; x: 0px; y: 0px; r: 0px; rx: auto; ry: auto; caret-color: rgb(26, 115, 232); line-break: auto;\"></use></svg><span style=\"animation: 0s ease 0s 1 normal none running none; background: none 0% 0% / auto repeat scroll padding-box border-box rgba(0, 0, 0, 0); background-blend-mode: normal; border: 0px none rgb(26, 115, 232); border-radius: 0px; border-collapse: separate; bottom: auto; box-shadow: none; box-sizing: border-box; break-after: auto; break-before: auto; break-inside: auto; caption-side: top; clear: none; clip: auto; color: rgb(26, 115, 232); content: normal; cursor: pointer; direction: ltr; display: inline; empty-cells: show; float: none; font: 500 16px/22px Roboto, Arial, Helvetica, sans-serif; font-kerning: auto; height: auto; image-rendering: auto; isolation: auto; place-items: normal; place-self: auto; left: auto; letter-spacing: 0.25px; list-style: disc outside none; margin: 0px; max-height: none; max-width: none; min-height: 0px; min-width: 0px; mix-blend-mode: normal; object-fit: fill; object-position: 50% 50%; offset: none 0px auto 0deg; opacity: 1; orphans: 2; outline: rgb(26, 115, 232) none 0px; outline-offset: 0px; overflow-anchor: auto; overflow-wrap: break-word; overflow: visible; padding: 0px; pointer-events: auto; position: static; resize: none; right: auto; scroll-behavior: auto; speak: normal; table-layout: auto; tab-size: 8; text-align: start; text-align-last: auto; text-decoration: none solid rgb(26, 115, 232); text-decoration-skip-ink: auto; text-underline-position: auto; text-indent: 0px; text-rendering: auto; text-shadow: none; text-size-adjust: 100%; text-overflow: clip; text-transform: none; top: auto; touch-action: auto; transition: all 0s ease 0s; unicode-bidi: normal; vertical-align: baseline; visibility: visible; white-space: normal; widows: 2; width: auto; will-change: auto; word-break: normal; word-spacing: 0px; z-index: auto; zoom: 1; -webkit-appearance: none; backface-visibility: visible; border-spacing: 0px; -webkit-border-image: none; -webkit-box-align: stretch; -webkit-box-decoration-break: slice; -webkit-box-direction: normal; -webkit-box-flex: 0; -webkit-box-ordinal-group: 1; -webkit-box-orient: horizontal; -webkit-box-pack: start; columns: auto auto; gap: normal normal; column-rule: 0px none rgb(26, 115, 232); column-span: none; place-content: normal; flex: 0 1 auto; flex-flow: row nowrap; -webkit-font-smoothing: antialiased; grid-auto-columns: auto; grid-auto-flow: row; grid-auto-rows: auto; grid-area: auto / auto / auto / auto; grid-template-areas: none; grid-template-columns: none; grid-template-rows: none; -webkit-highlight: none; hyphens: manual; -webkit-hyphenate-character: auto; -webkit-line-break: auto; -webkit-locale: &quot;tr&quot;; -webkit-margin-collapse: collapse collapse; -webkit-mask-box-image-source: none; -webkit-mask-box-image-slice: 0 fill; -webkit-mask-box-image-width: auto; -webkit-mask-box-image-outset: 0px; -webkit-mask-box-image-repeat: stretch; -webkit-mask: none 0% 0% / auto repeat border-box border-box; -webkit-mask-composite: source-over; order: 0; perspective: none; perspective-origin: 0px 0px; -webkit-print-color-adjust: economy; -webkit-rtl-ordering: logical; shape-outside: none; shape-image-threshold: 0; shape-margin: 0px; -webkit-tap-highlight-color: rgba(0, 0, 0, 0.4); -webkit-text-combine: none; -webkit-text-decorations-in-effect: none; -webkit-text-emphasis: none rgb(26, 115, 232); -webkit-text-emphasis-position: over right; -webkit-text-fill-color: rgb(26, 115, 232); -webkit-text-orientation: vertical-right; -webkit-text-security: none; -webkit-text-stroke: 0px rgb(26, 115, 232); transform: none; transform-origin: 0px 0px; transform-style: flat; -webkit-user-drag: auto; -webkit-user-modify: read-only; user-select: auto; -webkit-writing-mode: horizontal-tb; -webkit-app-region: none; buffered-rendering: auto; clip-path: none; clip-rule: nonzero; mask: none; filter: none; flood-color: rgb(0, 0, 0); flood-opacity: 1; lighting-color: rgb(255, 255, 255); stop-color: rgb(0, 0, 0); stop-opacity: 1; color-interpolation: srgb; color-interpolation-filters: linearrgb; color-rendering: auto; fill: rgb(0, 0, 0); fill-opacity: 1; fill-rule: nonzero; marker: none; mask-type: luminance; shape-rendering: auto; stroke: none; stroke-dasharray: none; stroke-dashoffset: 0px; stroke-linecap: butt; stroke-linejoin: miter; stroke-miterlimit: 4; stroke-opacity: 1; stroke-width: 1px; alignment-baseline: auto; baseline-shift: 0px; dominant-baseline: auto; text-anchor: start; writing-mode: horizontal-tb; vector-effect: none; paint-order: normal; d: none; cx: 0px; cy: 0px; x: 0px; y: 0px; r: 0px; rx: auto; ry: auto; caret-color: rgb(26, 115, 232); line-break: auto;\">0850 902 20 70*</span></a>\n                  <p class=\"eto-hours\" style=\"animation: 0s ease 0s 1 normal none running none; background: none 0% 0% / auto repeat scroll padding-box border-box rgba(0, 0, 0, 0); background-blend-mode: normal; border: 0px none rgb(60, 64, 67); border-radius: 0px; border-collapse: separate; bottom: auto; box-shadow: none; box-sizing: border-box; break-after: auto; break-before: auto; break-inside: auto; caption-side: top; clear: none; clip: auto; color: rgb(60, 64, 67); content: normal; cursor: auto; direction: ltr; display: block; empty-cells: show; float: none; font: 300 12px/20.5715px Roboto, Arial, Helvetica, sans-serif; font-kerning: auto; height: 20px; image-rendering: auto; isolation: auto; place-items: normal; place-self: auto; left: auto; letter-spacing: 0.25px; list-style: disc outside none; margin: 0px; max-height: none; max-width: none; min-height: 0px; min-width: 0px; mix-blend-mode: normal; object-fit: fill; object-position: 50% 50%; offset: none 0px auto 0deg; opacity: 1; orphans: 2; outline: rgb(60, 64, 67) none 0px; outline-offset: 0px; overflow-anchor: auto; overflow-wrap: break-word; overflow: visible; padding: 0px; pointer-events: auto; position: static; resize: none; right: auto; scroll-behavior: auto; speak: normal; table-layout: auto; tab-size: 8; text-align: start; text-align-last: auto; text-decoration: none solid rgb(60, 64, 67); text-decoration-skip-ink: auto; text-underline-position: auto; text-indent: 0px; text-rendering: auto; text-shadow: none; text-size-adjust: 100%; text-overflow: clip; text-transform: none; top: auto; touch-action: auto; transition: all 0s ease 0s; unicode-bidi: normal; vertical-align: baseline; visibility: visible; white-space: normal; widows: 2; width: 240.047px; will-change: auto; word-break: normal; word-spacing: 0px; z-index: auto; zoom: 1; -webkit-appearance: none; backface-visibility: visible; border-spacing: 0px; -webkit-border-image: none; -webkit-box-align: stretch; -webkit-box-decoration-break: slice; -webkit-box-direction: normal; -webkit-box-flex: 0; -webkit-box-ordinal-group: 1; -webkit-box-orient: horizontal; -webkit-box-pack: start; columns: auto auto; gap: normal normal; column-rule: 0px none rgb(60, 64, 67); column-span: none; place-content: normal; flex: 0 1 auto; flex-flow: row nowrap; -webkit-font-smoothing: antialiased; grid-auto-columns: auto; grid-auto-flow: row; grid-auto-rows: auto; grid-area: auto / auto / auto / auto; grid-template-areas: none; grid-template-columns: none; grid-template-rows: none; -webkit-highlight: none; hyphens: manual; -webkit-hyphenate-character: auto; -webkit-line-break: auto; -webkit-locale: &quot;tr&quot;; -webkit-margin-collapse: collapse collapse; -webkit-mask-box-image-source: none; -webkit-mask-box-image-slice: 0 fill; -webkit-mask-box-image-width: auto; -webkit-mask-box-image-outset: 0px; -webkit-mask-box-image-repeat: stretch; -webkit-mask: none 0% 0% / auto repeat border-box border-box; -webkit-mask-composite: source-over; order: 0; perspective: none; perspective-origin: 120.016px 10px; -webkit-print-color-adjust: economy; -webkit-rtl-ordering: logical; shape-outside: none; shape-image-threshold: 0; shape-margin: 0px; -webkit-tap-highlight-color: rgba(0, 0, 0, 0.4); -webkit-text-combine: none; -webkit-text-decorations-in-effect: none; -webkit-text-emphasis: none rgb(60, 64, 67); -webkit-text-emphasis-position: over right; -webkit-text-fill-color: rgb(60, 64, 67); -webkit-text-orientation: vertical-right; -webkit-text-security: none; -webkit-text-stroke: 0px rgb(60, 64, 67); transform: none; transform-origin: 120.023px 10px; transform-style: flat; -webkit-user-drag: auto; -webkit-user-modify: read-only; user-select: auto; -webkit-writing-mode: horizontal-tb; -webkit-app-region: none; buffered-rendering: auto; clip-path: none; clip-rule: nonzero; mask: none; filter: none; flood-color: rgb(0, 0, 0); flood-opacity: 1; lighting-color: rgb(255, 255, 255); stop-color: rgb(0, 0, 0); stop-opacity: 1; color-interpolation: srgb; color-interpolation-filters: linearrgb; color-rendering: auto; fill: rgb(0, 0, 0); fill-opacity: 1; fill-rule: nonzero; marker: none; mask-type: luminance; shape-rendering: auto; stroke: none; stroke-dasharray: none; stroke-dashoffset: 0px; stroke-linecap: butt; stroke-linejoin: miter; stroke-miterlimit: 4; stroke-opacity: 1; stroke-width: 1px; alignment-baseline: auto; baseline-shift: 0px; dominant-baseline: auto; text-anchor: start; writing-mode: horizontal-tb; vector-effect: none; paint-order: normal; d: none; cx: 0px; cy: 0px; x: 0px; y: 0px; r: 0px; rx: auto; ry: auto; caret-color: rgb(60, 64, 67); line-break: auto;\">\n                    <span style=\"animation: 0s ease 0s 1 normal none running none; background: none 0% 0% / auto repeat scroll padding-box border-box rgba(0, 0, 0, 0); background-blend-mode: normal; border: 0px none rgb(60, 64, 67); border-radius: 0px; border-collapse: separate; bottom: auto; box-shadow: none; box-sizing: border-box; break-after: auto; break-before: auto; break-inside: auto; caption-side: top; clear: none; clip: auto; color: rgb(60, 64, 67); content: normal; cursor: auto; direction: ltr; display: inline; empty-cells: show; float: none; font: 300 12px/20.5715px Roboto, Arial, Helvetica, sans-serif; font-kerning: auto; height: auto; image-rendering: auto; isolation: auto; place-items: normal; place-self: auto; left: auto; letter-spacing: 0.25px; list-style: disc outside none; margin: 0px; max-height: none; max-width: none; min-height: 0px; min-width: 0px; mix-blend-mode: normal; object-fit: fill; object-position: 50% 50%; offset: none 0px auto 0deg; opacity: 1; orphans: 2; outline: rgb(60, 64, 67) none 0px; outline-offset: 0px; overflow-anchor: auto; overflow-wrap: break-word; overflow: visible; padding: 0px; pointer-events: auto; position: static; resize: none; right: auto; scroll-behavior: auto; speak: normal; table-layout: auto; tab-size: 8; text-align: start; text-align-last: auto; text-decoration: none solid rgb(60, 64, 67); text-decoration-skip-ink: auto; text-underline-position: auto; text-indent: 0px; text-rendering: auto; text-shadow: none; text-size-adjust: 100%; text-overflow: clip; text-transform: none; top: auto; touch-action: auto; transition: all 0s ease 0s; unicode-bidi: normal; vertical-align: baseline; visibility: visible; white-space: normal; widows: 2; width: auto; will-change: auto; word-break: normal; word-spacing: 0px; z-index: auto; zoom: 1; -webkit-appearance: none; backface-visibility: visible; border-spacing: 0px; -webkit-border-image: none; -webkit-box-align: stretch; -webkit-box-decoration-break: slice; -webkit-box-direction: normal; -webkit-box-flex: 0; -webkit-box-ordinal-group: 1; -webkit-box-orient: horizontal; -webkit-box-pack: start; columns: auto auto; gap: normal normal; column-rule: 0px none rgb(60, 64, 67); column-span: none; place-content: normal; flex: 0 1 auto; flex-flow: row nowrap; -webkit-font-smoothing: antialiased; grid-auto-columns: auto; grid-auto-flow: row; grid-auto-rows: auto; grid-area: auto / auto / auto / auto; grid-template-areas: none; grid-template-columns: none; grid-template-rows: none; -webkit-highlight: none; hyphens: manual; -webkit-hyphenate-character: auto; -webkit-line-break: auto; -webkit-locale: &quot;tr&quot;; -webkit-margin-collapse: collapse collapse; -webkit-mask-box-image-source: none; -webkit-mask-box-image-slice: 0 fill; -webkit-mask-box-image-width: auto; -webkit-mask-box-image-outset: 0px; -webkit-mask-box-image-repeat: stretch; -webkit-mask: none 0% 0% / auto repeat border-box border-box; -webkit-mask-composite: source-over; order: 0; perspective: none; perspective-origin: 0px 0px; -webkit-print-color-adjust: economy; -webkit-rtl-ordering: logical; shape-outside: none; shape-image-threshold: 0; shape-margin: 0px; -webkit-tap-highlight-color: rgba(0, 0, 0, 0.4); -webkit-text-combine: none; -webkit-text-decorations-in-effect: none; -webkit-text-emphasis: none rgb(60, 64, 67); -webkit-text-emphasis-position: over right; -webkit-text-fill-color: rgb(60, 64, 67); -webkit-text-orientation: vertical-right; -webkit-text-security: none; -webkit-text-stroke: 0px rgb(60, 64, 67); transform: none; transform-origin: 0px 0px; transform-style: flat; -webkit-user-drag: auto; -webkit-user-modify: read-only; user-select: auto; -webkit-writing-mode: horizontal-tb; -webkit-app-region: none; buffered-rendering: auto; clip-path: none; clip-rule: nonzero; mask: none; filter: none; flood-color: rgb(0, 0, 0); flood-opacity: 1; lighting-color: rgb(255, 255, 255); stop-color: rgb(0, 0, 0); stop-opacity: 1; color-interpolation: srgb; color-interpolation-filters: linearrgb; color-rendering: auto; fill: rgb(0, 0, 0); fill-opacity: 1; fill-rule: nonzero; marker: none; mask-type: luminance; shape-rendering: auto; stroke: none; stroke-dasharray: none; stroke-dashoffset: 0px; stroke-linecap: butt; stroke-linejoin: miter; stroke-miterlimit: 4; stroke-opacity: 1; stroke-width: 1px; alignment-baseline: auto; baseline-shift: 0px; dominant-baseline: auto; text-anchor: start; writing-mode: horizontal-tb; vector-effect: none; paint-order: normal; d: none; cx: 0px; cy: 0px; x: 0px; y: 0px; r: 0px; rx: auto; ry: auto; caret-color: rgb(60, 64, 67); line-break: auto;\">Hafta içi 09.00-18.00</span>\n                  </p>\n                "}